date_start,name,count_date_person
2017-10-01,al franken,0
2017-10-01,andy dick,0
2017-10-01,blake farenthold,0
2017-10-01,brett ratner,0
2017-10-01,charlie rose,2
2017-10-01,danny masterson,0
2017-10-01,dustin hoffman,0
2017-10-01,garrison keillor,0
2017-10-01,gary goddard,0
2017-10-01,george takei,0
2017-10-01,glenn thrush,0
2017-10-01,harvey weinstein,0
2017-10-01,james levine,0
2017-10-01,james toback,0
2017-10-01,jann wenner,0
2017-10-01,jeff clemens,0
2017-10-01,jeffrey tambor,0
2017-10-01,jeremy piven,0
2017-10-01,john conyers,0
2017-10-01,john lasseter,0
2017-10-01,josh besh,0
2017-10-01,ken baker,0
2017-10-01,kevin spacey,0
2017-10-01,leon wieseltier,0
2017-10-01,louis ck,0
2017-10-01,mark halperin,0
2017-10-01,matt lauer,0
2017-10-01,matt zimmerman,0
2017-10-01,matthew weiner,0
2017-10-01,michael fallon,0
2017-10-01,michael oreskes,0
2017-10-01,nick carter,0
2017-10-01,richard dreyfuss,0
2017-10-01,robert scoble,0
2017-10-01,roy moore,40
2017-10-01,ruben kihuen,0
2017-10-01,russell simmons,0
2017-10-01,sepp blatter,0
2017-10-01,steven seagal,0
2017-10-01,terry richardson,0
2017-10-01,tom sizemore,0
2017-10-01,tony cornish,0
2017-10-01,trent franks,0
2017-10-01,warren moon,0
2017-10-01,wes goodman,0
2017-10-02,al franken,0
2017-10-02,andy dick,0
2017-10-02,blake farenthold,0
2017-10-02,brett ratner,0
2017-10-02,charlie rose,2
2017-10-02,danny masterson,0
2017-10-02,dustin hoffman,0
2017-10-02,garrison keillor,0
2017-10-02,gary goddard,0
2017-10-02,george takei,0
2017-10-02,glenn thrush,0
2017-10-02,harvey weinstein,0
2017-10-02,james levine,0
2017-10-02,james toback,0
2017-10-02,jann wenner,0
2017-10-02,jeff clemens,0
2017-10-02,jeffrey tambor,0
2017-10-02,jeremy piven,0
2017-10-02,john conyers,0
2017-10-02,john lasseter,0
2017-10-02,josh besh,0
2017-10-02,ken baker,0
2017-10-02,kevin spacey,0
2017-10-02,leon wieseltier,0
2017-10-02,louis ck,0
2017-10-02,mark halperin,0
2017-10-02,matt lauer,3
2017-10-02,matt zimmerman,0
2017-10-02,matthew weiner,0
2017-10-02,michael fallon,0
2017-10-02,michael oreskes,0
2017-10-02,nick carter,0
2017-10-02,richard dreyfuss,0
2017-10-02,robert scoble,0
2017-10-02,roy moore,9
2017-10-02,ruben kihuen,1
2017-10-02,russell simmons,0
2017-10-02,sepp blatter,0
2017-10-02,steven seagal,0
2017-10-02,terry richardson,0
2017-10-02,tom sizemore,0
2017-10-02,tony cornish,0
2017-10-02,trent franks,0
2017-10-02,warren moon,0
2017-10-02,wes goodman,0
2017-10-03,al franken,0
2017-10-03,andy dick,0
2017-10-03,blake farenthold,0
2017-10-03,brett ratner,0
2017-10-03,charlie rose,6
2017-10-03,danny masterson,0
2017-10-03,dustin hoffman,0
2017-10-03,garrison keillor,0
2017-10-03,gary goddard,0
2017-10-03,george takei,0
2017-10-03,glenn thrush,0
2017-10-03,harvey weinstein,0
2017-10-03,james levine,0
2017-10-03,james toback,0
2017-10-03,jann wenner,0
2017-10-03,jeff clemens,0
2017-10-03,jeffrey tambor,0
2017-10-03,jeremy piven,0
2017-10-03,john conyers,0
2017-10-03,john lasseter,0
2017-10-03,josh besh,0
2017-10-03,ken baker,0
2017-10-03,kevin spacey,0
2017-10-03,leon wieseltier,0
2017-10-03,louis ck,0
2017-10-03,mark halperin,1
2017-10-03,matt lauer,0
2017-10-03,matt zimmerman,0
2017-10-03,matthew weiner,0
2017-10-03,michael fallon,0
2017-10-03,michael oreskes,0
2017-10-03,nick carter,0
2017-10-03,richard dreyfuss,0
2017-10-03,robert scoble,0
2017-10-03,roy moore,0
2017-10-03,ruben kihuen,0
2017-10-03,russell simmons,0
2017-10-03,sepp blatter,0
2017-10-03,steven seagal,0
2017-10-03,terry richardson,0
2017-10-03,tom sizemore,0
2017-10-03,tony cornish,0
2017-10-03,trent franks,0
2017-10-03,warren moon,0
2017-10-03,wes goodman,0
2017-10-04,al franken,1
2017-10-04,andy dick,0
2017-10-04,blake farenthold,0
2017-10-04,brett ratner,0
2017-10-04,charlie rose,4
2017-10-04,danny masterson,0
2017-10-04,dustin hoffman,0
2017-10-04,garrison keillor,0
2017-10-04,gary goddard,0
2017-10-04,george takei,0
2017-10-04,glenn thrush,0
2017-10-04,harvey weinstein,0
2017-10-04,james levine,0
2017-10-04,james toback,0
2017-10-04,jann wenner,0
2017-10-04,jeff clemens,0
2017-10-04,jeffrey tambor,0
2017-10-04,jeremy piven,0
2017-10-04,john conyers,0
2017-10-04,john lasseter,0
2017-10-04,josh besh,0
2017-10-04,ken baker,0
2017-10-04,kevin spacey,0
2017-10-04,leon wieseltier,0
2017-10-04,louis ck,0
2017-10-04,mark halperin,0
2017-10-04,matt lauer,0
2017-10-04,matt zimmerman,0
2017-10-04,matthew weiner,0
2017-10-04,michael fallon,0
2017-10-04,michael oreskes,0
2017-10-04,nick carter,0
2017-10-04,richard dreyfuss,0
2017-10-04,robert scoble,0
2017-10-04,roy moore,3
2017-10-04,ruben kihuen,0
2017-10-04,russell simmons,0
2017-10-04,sepp blatter,0
2017-10-04,steven seagal,0
2017-10-04,terry richardson,0
2017-10-04,tom sizemore,0
2017-10-04,tony cornish,0
2017-10-04,trent franks,0
2017-10-04,warren moon,0
2017-10-04,wes goodman,0
2017-10-05,al franken,0
2017-10-05,andy dick,0
2017-10-05,blake farenthold,0
2017-10-05,brett ratner,0
2017-10-05,charlie rose,5
2017-10-05,danny masterson,0
2017-10-05,dustin hoffman,0
2017-10-05,garrison keillor,0
2017-10-05,gary goddard,0
2017-10-05,george takei,0
2017-10-05,glenn thrush,2
2017-10-05,harvey weinstein,8
2017-10-05,james levine,0
2017-10-05,james toback,0
2017-10-05,jann wenner,0
2017-10-05,jeff clemens,0
2017-10-05,jeffrey tambor,0
2017-10-05,jeremy piven,0
2017-10-05,john conyers,0
2017-10-05,john lasseter,0
2017-10-05,josh besh,0
2017-10-05,ken baker,0
2017-10-05,kevin spacey,0
2017-10-05,leon wieseltier,0
2017-10-05,louis ck,0
2017-10-05,mark halperin,0
2017-10-05,matt lauer,0
2017-10-05,matt zimmerman,0
2017-10-05,matthew weiner,0
2017-10-05,michael fallon,0
2017-10-05,michael oreskes,0
2017-10-05,nick carter,0
2017-10-05,richard dreyfuss,0
2017-10-05,robert scoble,0
2017-10-05,roy moore,6
2017-10-05,ruben kihuen,0
2017-10-05,russell simmons,0
2017-10-05,sepp blatter,0
2017-10-05,steven seagal,0
2017-10-05,terry richardson,0
2017-10-05,tom sizemore,0
2017-10-05,tony cornish,0
2017-10-05,trent franks,0
2017-10-05,warren moon,0
2017-10-05,wes goodman,0
2017-10-06,al franken,0
2017-10-06,andy dick,0
2017-10-06,blake farenthold,0
2017-10-06,brett ratner,0
2017-10-06,charlie rose,4
2017-10-06,danny masterson,0
2017-10-06,dustin hoffman,0
2017-10-06,garrison keillor,0
2017-10-06,gary goddard,0
2017-10-06,george takei,0
2017-10-06,glenn thrush,1
2017-10-06,harvey weinstein,36
2017-10-06,james levine,0
2017-10-06,james toback,0
2017-10-06,jann wenner,0
2017-10-06,jeff clemens,0
2017-10-06,jeffrey tambor,0
2017-10-06,jeremy piven,0
2017-10-06,john conyers,0
2017-10-06,john lasseter,0
2017-10-06,josh besh,0
2017-10-06,ken baker,0
2017-10-06,kevin spacey,0
2017-10-06,leon wieseltier,0
2017-10-06,louis ck,0
2017-10-06,mark halperin,0
2017-10-06,matt lauer,0
2017-10-06,matt zimmerman,0
2017-10-06,matthew weiner,0
2017-10-06,michael fallon,0
2017-10-06,michael oreskes,0
2017-10-06,nick carter,0
2017-10-06,richard dreyfuss,0
2017-10-06,robert scoble,0
2017-10-06,roy moore,7
2017-10-06,ruben kihuen,0
2017-10-06,russell simmons,0
2017-10-06,sepp blatter,0
2017-10-06,steven seagal,0
2017-10-06,terry richardson,0
2017-10-06,tom sizemore,0
2017-10-06,tony cornish,0
2017-10-06,trent franks,0
2017-10-06,warren moon,0
2017-10-06,wes goodman,0
2017-10-07,al franken,0
2017-10-07,andy dick,0
2017-10-07,blake farenthold,0
2017-10-07,brett ratner,0
2017-10-07,charlie rose,3
2017-10-07,danny masterson,0
2017-10-07,dustin hoffman,0
2017-10-07,garrison keillor,0
2017-10-07,gary goddard,0
2017-10-07,george takei,0
2017-10-07,glenn thrush,0
2017-10-07,harvey weinstein,20
2017-10-07,james levine,0
2017-10-07,james toback,0
2017-10-07,jann wenner,0
2017-10-07,jeff clemens,0
2017-10-07,jeffrey tambor,0
2017-10-07,jeremy piven,0
2017-10-07,john conyers,0
2017-10-07,john lasseter,0
2017-10-07,josh besh,0
2017-10-07,ken baker,0
2017-10-07,kevin spacey,0
2017-10-07,leon wieseltier,0
2017-10-07,louis ck,0
2017-10-07,mark halperin,0
2017-10-07,matt lauer,8
2017-10-07,matt zimmerman,0
2017-10-07,matthew weiner,0
2017-10-07,michael fallon,0
2017-10-07,michael oreskes,0
2017-10-07,nick carter,0
2017-10-07,richard dreyfuss,0
2017-10-07,robert scoble,0
2017-10-07,roy moore,6
2017-10-07,ruben kihuen,0
2017-10-07,russell simmons,0
2017-10-07,sepp blatter,0
2017-10-07,steven seagal,0
2017-10-07,terry richardson,0
2017-10-07,tom sizemore,0
2017-10-07,tony cornish,0
2017-10-07,trent franks,0
2017-10-07,warren moon,0
2017-10-07,wes goodman,0
2017-10-08,al franken,0
2017-10-08,andy dick,0
2017-10-08,blake farenthold,0
2017-10-08,brett ratner,0
2017-10-08,charlie rose,3
2017-10-08,danny masterson,0
2017-10-08,dustin hoffman,0
2017-10-08,garrison keillor,0
2017-10-08,gary goddard,0
2017-10-08,george takei,0
2017-10-08,glenn thrush,0
2017-10-08,harvey weinstein,68
2017-10-08,james levine,0
2017-10-08,james toback,0
2017-10-08,jann wenner,0
2017-10-08,jeff clemens,0
2017-10-08,jeffrey tambor,0
2017-10-08,jeremy piven,0
2017-10-08,john conyers,0
2017-10-08,john lasseter,0
2017-10-08,josh besh,0
2017-10-08,ken baker,0
2017-10-08,kevin spacey,0
2017-10-08,leon wieseltier,0
2017-10-08,louis ck,0
2017-10-08,mark halperin,0
2017-10-08,matt lauer,0
2017-10-08,matt zimmerman,0
2017-10-08,matthew weiner,0
2017-10-08,michael fallon,0
2017-10-08,michael oreskes,0
2017-10-08,nick carter,0
2017-10-08,richard dreyfuss,0
2017-10-08,robert scoble,0
2017-10-08,roy moore,1
2017-10-08,ruben kihuen,0
2017-10-08,russell simmons,1
2017-10-08,sepp blatter,0
2017-10-08,steven seagal,0
2017-10-08,terry richardson,0
2017-10-08,tom sizemore,0
2017-10-08,tony cornish,0
2017-10-08,trent franks,0
2017-10-08,warren moon,0
2017-10-08,wes goodman,0
2017-10-09,al franken,1
2017-10-09,andy dick,0
2017-10-09,blake farenthold,0
2017-10-09,brett ratner,0
2017-10-09,charlie rose,2
2017-10-09,danny masterson,0
2017-10-09,dustin hoffman,0
2017-10-09,garrison keillor,0
2017-10-09,gary goddard,0
2017-10-09,george takei,0
2017-10-09,glenn thrush,0
2017-10-09,harvey weinstein,193
2017-10-09,james levine,0
2017-10-09,james toback,0
2017-10-09,jann wenner,0
2017-10-09,jeff clemens,0
2017-10-09,jeffrey tambor,0
2017-10-09,jeremy piven,0
2017-10-09,john conyers,0
2017-10-09,john lasseter,0
2017-10-09,josh besh,0
2017-10-09,ken baker,0
2017-10-09,kevin spacey,0
2017-10-09,leon wieseltier,0
2017-10-09,louis ck,0
2017-10-09,mark halperin,0
2017-10-09,matt lauer,0
2017-10-09,matt zimmerman,0
2017-10-09,matthew weiner,0
2017-10-09,michael fallon,0
2017-10-09,michael oreskes,0
2017-10-09,nick carter,0
2017-10-09,richard dreyfuss,0
2017-10-09,robert scoble,0
2017-10-09,roy moore,8
2017-10-09,ruben kihuen,0
2017-10-09,russell simmons,0
2017-10-09,sepp blatter,0
2017-10-09,steven seagal,0
2017-10-09,terry richardson,0
2017-10-09,tom sizemore,0
2017-10-09,tony cornish,0
2017-10-09,trent franks,0
2017-10-09,warren moon,0
2017-10-09,wes goodman,0
2017-10-10,al franken,0
2017-10-10,andy dick,0
2017-10-10,blake farenthold,0
2017-10-10,brett ratner,0
2017-10-10,charlie rose,2
2017-10-10,danny masterson,0
2017-10-10,dustin hoffman,0
2017-10-10,garrison keillor,0
2017-10-10,gary goddard,0
2017-10-10,george takei,0
2017-10-10,glenn thrush,0
2017-10-10,harvey weinstein,302
2017-10-10,james levine,0
2017-10-10,james toback,0
2017-10-10,jann wenner,0
2017-10-10,jeff clemens,0
2017-10-10,jeffrey tambor,0
2017-10-10,jeremy piven,0
2017-10-10,john conyers,0
2017-10-10,john lasseter,0
2017-10-10,josh besh,0
2017-10-10,ken baker,0
2017-10-10,kevin spacey,0
2017-10-10,leon wieseltier,0
2017-10-10,louis ck,0
2017-10-10,mark halperin,0
2017-10-10,matt lauer,0
2017-10-10,matt zimmerman,0
2017-10-10,matthew weiner,0
2017-10-10,michael fallon,0
2017-10-10,michael oreskes,0
2017-10-10,nick carter,0
2017-10-10,richard dreyfuss,0
2017-10-10,robert scoble,0
2017-10-10,roy moore,15
2017-10-10,ruben kihuen,0
2017-10-10,russell simmons,0
2017-10-10,sepp blatter,0
2017-10-10,steven seagal,0
2017-10-10,terry richardson,0
2017-10-10,tom sizemore,0
2017-10-10,tony cornish,0
2017-10-10,trent franks,0
2017-10-10,warren moon,0
2017-10-10,wes goodman,0
2017-10-11,al franken,0
2017-10-11,andy dick,0
2017-10-11,blake farenthold,0
2017-10-11,brett ratner,0
2017-10-11,charlie rose,1
2017-10-11,danny masterson,0
2017-10-11,dustin hoffman,0
2017-10-11,garrison keillor,0
2017-10-11,gary goddard,0
2017-10-11,george takei,0
2017-10-11,glenn thrush,3
2017-10-11,harvey weinstein,524
2017-10-11,james levine,0
2017-10-11,james toback,0
2017-10-11,jann wenner,0
2017-10-11,jeff clemens,0
2017-10-11,jeffrey tambor,0
2017-10-11,jeremy piven,0
2017-10-11,john conyers,0
2017-10-11,john lasseter,0
2017-10-11,josh besh,0
2017-10-11,ken baker,0
2017-10-11,kevin spacey,0
2017-10-11,leon wieseltier,0
2017-10-11,louis ck,0
2017-10-11,mark halperin,0
2017-10-11,matt lauer,0
2017-10-11,matt zimmerman,0
2017-10-11,matthew weiner,0
2017-10-11,michael fallon,0
2017-10-11,michael oreskes,0
2017-10-11,nick carter,0
2017-10-11,richard dreyfuss,0
2017-10-11,robert scoble,0
2017-10-11,roy moore,7
2017-10-11,ruben kihuen,0
2017-10-11,russell simmons,0
2017-10-11,sepp blatter,0
2017-10-11,steven seagal,0
2017-10-11,terry richardson,0
2017-10-11,tom sizemore,0
2017-10-11,tony cornish,0
2017-10-11,trent franks,0
2017-10-11,warren moon,0
2017-10-11,wes goodman,0
2017-10-12,al franken,0
2017-10-12,andy dick,0
2017-10-12,blake farenthold,0
2017-10-12,brett ratner,0
2017-10-12,charlie rose,4
2017-10-12,danny masterson,0
2017-10-12,dustin hoffman,0
2017-10-12,garrison keillor,0
2017-10-12,gary goddard,0
2017-10-12,george takei,0
2017-10-12,glenn thrush,0
2017-10-12,harvey weinstein,252
2017-10-12,james levine,0
2017-10-12,james toback,0
2017-10-12,jann wenner,0
2017-10-12,jeff clemens,0
2017-10-12,jeffrey tambor,0
2017-10-12,jeremy piven,0
2017-10-12,john conyers,0
2017-10-12,john lasseter,0
2017-10-12,josh besh,0
2017-10-12,ken baker,0
2017-10-12,kevin spacey,0
2017-10-12,leon wieseltier,0
2017-10-12,louis ck,0
2017-10-12,mark halperin,6
2017-10-12,matt lauer,0
2017-10-12,matt zimmerman,0
2017-10-12,matthew weiner,0
2017-10-12,michael fallon,0
2017-10-12,michael oreskes,0
2017-10-12,nick carter,0
2017-10-12,richard dreyfuss,0
2017-10-12,robert scoble,0
2017-10-12,roy moore,5
2017-10-12,ruben kihuen,0
2017-10-12,russell simmons,0
2017-10-12,sepp blatter,0
2017-10-12,steven seagal,0
2017-10-12,terry richardson,0
2017-10-12,tom sizemore,0
2017-10-12,tony cornish,0
2017-10-12,trent franks,0
2017-10-12,warren moon,0
2017-10-12,wes goodman,0
2017-10-13,al franken,0
2017-10-13,andy dick,0
2017-10-13,blake farenthold,0
2017-10-13,brett ratner,0
2017-10-13,charlie rose,4
2017-10-13,danny masterson,0
2017-10-13,dustin hoffman,1
2017-10-13,garrison keillor,0
2017-10-13,gary goddard,0
2017-10-13,george takei,0
2017-10-13,glenn thrush,0
2017-10-13,harvey weinstein,248
2017-10-13,james levine,0
2017-10-13,james toback,0
2017-10-13,jann wenner,0
2017-10-13,jeff clemens,0
2017-10-13,jeffrey tambor,0
2017-10-13,jeremy piven,0
2017-10-13,john conyers,0
2017-10-13,john lasseter,0
2017-10-13,josh besh,0
2017-10-13,ken baker,0
2017-10-13,kevin spacey,0
2017-10-13,leon wieseltier,0
2017-10-13,louis ck,0
2017-10-13,mark halperin,0
2017-10-13,matt lauer,0
2017-10-13,matt zimmerman,0
2017-10-13,matthew weiner,0
2017-10-13,michael fallon,0
2017-10-13,michael oreskes,0
2017-10-13,nick carter,0
2017-10-13,richard dreyfuss,0
2017-10-13,robert scoble,0
2017-10-13,roy moore,6
2017-10-13,ruben kihuen,0
2017-10-13,russell simmons,0
2017-10-13,sepp blatter,0
2017-10-13,steven seagal,0
2017-10-13,terry richardson,0
2017-10-13,tom sizemore,0
2017-10-13,tony cornish,0
2017-10-13,trent franks,0
2017-10-13,warren moon,0
2017-10-13,wes goodman,0
2017-10-14,al franken,0
2017-10-14,andy dick,0
2017-10-14,blake farenthold,0
2017-10-14,brett ratner,0
2017-10-14,charlie rose,0
2017-10-14,danny masterson,0
2017-10-14,dustin hoffman,0
2017-10-14,garrison keillor,0
2017-10-14,gary goddard,0
2017-10-14,george takei,0
2017-10-14,glenn thrush,0
2017-10-14,harvey weinstein,307
2017-10-14,james levine,0
2017-10-14,james toback,0
2017-10-14,jann wenner,0
2017-10-14,jeff clemens,0
2017-10-14,jeffrey tambor,0
2017-10-14,jeremy piven,0
2017-10-14,john conyers,1
2017-10-14,john lasseter,0
2017-10-14,josh besh,0
2017-10-14,ken baker,0
2017-10-14,kevin spacey,0
2017-10-14,leon wieseltier,0
2017-10-14,louis ck,0
2017-10-14,mark halperin,0
2017-10-14,matt lauer,0
2017-10-14,matt zimmerman,0
2017-10-14,matthew weiner,0
2017-10-14,michael fallon,0
2017-10-14,michael oreskes,0
2017-10-14,nick carter,0
2017-10-14,richard dreyfuss,0
2017-10-14,robert scoble,0
2017-10-14,roy moore,8
2017-10-14,ruben kihuen,0
2017-10-14,russell simmons,0
2017-10-14,sepp blatter,0
2017-10-14,steven seagal,0
2017-10-14,terry richardson,0
2017-10-14,tom sizemore,0
2017-10-14,tony cornish,0
2017-10-14,trent franks,0
2017-10-14,warren moon,0
2017-10-14,wes goodman,0
2017-10-15,al franken,2
2017-10-15,andy dick,0
2017-10-15,blake farenthold,0
2017-10-15,brett ratner,0
2017-10-15,charlie rose,4
2017-10-15,danny masterson,0
2017-10-15,dustin hoffman,2
2017-10-15,garrison keillor,0
2017-10-15,gary goddard,0
2017-10-15,george takei,0
2017-10-15,glenn thrush,0
2017-10-15,harvey weinstein,169
2017-10-15,james levine,0
2017-10-15,james toback,0
2017-10-15,jann wenner,0
2017-10-15,jeff clemens,0
2017-10-15,jeffrey tambor,0
2017-10-15,jeremy piven,0
2017-10-15,john conyers,0
2017-10-15,john lasseter,0
2017-10-15,josh besh,0
2017-10-15,ken baker,0
2017-10-15,kevin spacey,0
2017-10-15,leon wieseltier,0
2017-10-15,louis ck,0
2017-10-15,mark halperin,0
2017-10-15,matt lauer,0
2017-10-15,matt zimmerman,0
2017-10-15,matthew weiner,0
2017-10-15,michael fallon,0
2017-10-15,michael oreskes,0
2017-10-15,nick carter,0
2017-10-15,richard dreyfuss,0
2017-10-15,robert scoble,0
2017-10-15,roy moore,3
2017-10-15,ruben kihuen,0
2017-10-15,russell simmons,0
2017-10-15,sepp blatter,0
2017-10-15,steven seagal,0
2017-10-15,terry richardson,0
2017-10-15,tom sizemore,0
2017-10-15,tony cornish,0
2017-10-15,trent franks,0
2017-10-15,warren moon,0
2017-10-15,wes goodman,0
2017-10-16,al franken,6
2017-10-16,andy dick,0
2017-10-16,blake farenthold,0
2017-10-16,brett ratner,0
2017-10-16,charlie rose,1
2017-10-16,danny masterson,0
2017-10-16,dustin hoffman,0
2017-10-16,garrison keillor,0
2017-10-16,gary goddard,0
2017-10-16,george takei,0
2017-10-16,glenn thrush,3
2017-10-16,harvey weinstein,136
2017-10-16,james levine,0
2017-10-16,james toback,0
2017-10-16,jann wenner,0
2017-10-16,jeff clemens,0
2017-10-16,jeffrey tambor,0
2017-10-16,jeremy piven,0
2017-10-16,john conyers,0
2017-10-16,john lasseter,0
2017-10-16,josh besh,0
2017-10-16,ken baker,0
2017-10-16,kevin spacey,0
2017-10-16,leon wieseltier,0
2017-10-16,louis ck,0
2017-10-16,mark halperin,4
2017-10-16,matt lauer,0
2017-10-16,matt zimmerman,0
2017-10-16,matthew weiner,0
2017-10-16,michael fallon,0
2017-10-16,michael oreskes,0
2017-10-16,nick carter,0
2017-10-16,richard dreyfuss,0
2017-10-16,robert scoble,0
2017-10-16,roy moore,9
2017-10-16,ruben kihuen,0
2017-10-16,russell simmons,0
2017-10-16,sepp blatter,0
2017-10-16,steven seagal,0
2017-10-16,terry richardson,0
2017-10-16,tom sizemore,0
2017-10-16,tony cornish,0
2017-10-16,trent franks,0
2017-10-16,warren moon,0
2017-10-16,wes goodman,0
2017-10-17,al franken,0
2017-10-17,andy dick,0
2017-10-17,blake farenthold,0
2017-10-17,brett ratner,0
2017-10-17,charlie rose,4
2017-10-17,danny masterson,0
2017-10-17,dustin hoffman,0
2017-10-17,garrison keillor,0
2017-10-17,gary goddard,0
2017-10-17,george takei,0
2017-10-17,glenn thrush,3
2017-10-17,harvey weinstein,130
2017-10-17,james levine,0
2017-10-17,james toback,0
2017-10-17,jann wenner,0
2017-10-17,jeff clemens,0
2017-10-17,jeffrey tambor,0
2017-10-17,jeremy piven,0
2017-10-17,john conyers,0
2017-10-17,john lasseter,0
2017-10-17,josh besh,0
2017-10-17,ken baker,0
2017-10-17,kevin spacey,0
2017-10-17,leon wieseltier,0
2017-10-17,louis ck,0
2017-10-17,mark halperin,0
2017-10-17,matt lauer,0
2017-10-17,matt zimmerman,0
2017-10-17,matthew weiner,0
2017-10-17,michael fallon,0
2017-10-17,michael oreskes,0
2017-10-17,nick carter,0
2017-10-17,richard dreyfuss,0
2017-10-17,robert scoble,0
2017-10-17,roy moore,4
2017-10-17,ruben kihuen,0
2017-10-17,russell simmons,0
2017-10-17,sepp blatter,0
2017-10-17,steven seagal,0
2017-10-17,terry richardson,0
2017-10-17,tom sizemore,0
2017-10-17,tony cornish,0
2017-10-17,trent franks,0
2017-10-17,warren moon,0
2017-10-17,wes goodman,0
2017-10-18,al franken,22
2017-10-18,andy dick,0
2017-10-18,blake farenthold,0
2017-10-18,brett ratner,0
2017-10-18,charlie rose,1
2017-10-18,danny masterson,0
2017-10-18,dustin hoffman,0
2017-10-18,garrison keillor,0
2017-10-18,gary goddard,0
2017-10-18,george takei,0
2017-10-18,glenn thrush,2
2017-10-18,harvey weinstein,72
2017-10-18,james levine,0
2017-10-18,james toback,0
2017-10-18,jann wenner,0
2017-10-18,jeff clemens,0
2017-10-18,jeffrey tambor,0
2017-10-18,jeremy piven,0
2017-10-18,john conyers,0
2017-10-18,john lasseter,0
2017-10-18,josh besh,0
2017-10-18,ken baker,0
2017-10-18,kevin spacey,0
2017-10-18,leon wieseltier,0
2017-10-18,louis ck,0
2017-10-18,mark halperin,9
2017-10-18,matt lauer,0
2017-10-18,matt zimmerman,0
2017-10-18,matthew weiner,0
2017-10-18,michael fallon,2
2017-10-18,michael oreskes,0
2017-10-18,nick carter,0
2017-10-18,richard dreyfuss,0
2017-10-18,robert scoble,0
2017-10-18,roy moore,18
2017-10-18,ruben kihuen,0
2017-10-18,russell simmons,0
2017-10-18,sepp blatter,0
2017-10-18,steven seagal,0
2017-10-18,terry richardson,0
2017-10-18,tom sizemore,0
2017-10-18,tony cornish,0
2017-10-18,trent franks,0
2017-10-18,warren moon,0
2017-10-18,wes goodman,0
2017-10-19,al franken,8
2017-10-19,andy dick,0
2017-10-19,blake farenthold,0
2017-10-19,brett ratner,0
2017-10-19,charlie rose,3
2017-10-19,danny masterson,0
2017-10-19,dustin hoffman,0
2017-10-19,garrison keillor,0
2017-10-19,gary goddard,0
2017-10-19,george takei,0
2017-10-19,glenn thrush,1
2017-10-19,harvey weinstein,23
2017-10-19,james levine,0
2017-10-19,james toback,0
2017-10-19,jann wenner,0
2017-10-19,jeff clemens,0
2017-10-19,jeffrey tambor,0
2017-10-19,jeremy piven,0
2017-10-19,john conyers,0
2017-10-19,john lasseter,0
2017-10-19,josh besh,0
2017-10-19,ken baker,0
2017-10-19,kevin spacey,0
2017-10-19,leon wieseltier,0
2017-10-19,louis ck,0
2017-10-19,mark halperin,4
2017-10-19,matt lauer,0
2017-10-19,matt zimmerman,0
2017-10-19,matthew weiner,0
2017-10-19,michael fallon,0
2017-10-19,michael oreskes,0
2017-10-19,nick carter,0
2017-10-19,richard dreyfuss,0
2017-10-19,robert scoble,0
2017-10-19,roy moore,13
2017-10-19,ruben kihuen,0
2017-10-19,russell simmons,0
2017-10-19,sepp blatter,0
2017-10-19,steven seagal,0
2017-10-19,terry richardson,0
2017-10-19,tom sizemore,0
2017-10-19,tony cornish,0
2017-10-19,trent franks,0
2017-10-19,warren moon,0
2017-10-19,wes goodman,0
2017-10-20,al franken,0
2017-10-20,andy dick,0
2017-10-20,blake farenthold,0
2017-10-20,brett ratner,0
2017-10-20,charlie rose,3
2017-10-20,danny masterson,0
2017-10-20,dustin hoffman,0
2017-10-20,garrison keillor,0
2017-10-20,gary goddard,0
2017-10-20,george takei,0
2017-10-20,glenn thrush,0
2017-10-20,harvey weinstein,48
2017-10-20,james levine,0
2017-10-20,james toback,0
2017-10-20,jann wenner,0
2017-10-20,jeff clemens,0
2017-10-20,jeffrey tambor,0
2017-10-20,jeremy piven,0
2017-10-20,john conyers,0
2017-10-20,john lasseter,0
2017-10-20,josh besh,0
2017-10-20,ken baker,0
2017-10-20,kevin spacey,0
2017-10-20,leon wieseltier,0
2017-10-20,louis ck,0
2017-10-20,mark halperin,1
2017-10-20,matt lauer,0
2017-10-20,matt zimmerman,0
2017-10-20,matthew weiner,0
2017-10-20,michael fallon,0
2017-10-20,michael oreskes,0
2017-10-20,nick carter,0
2017-10-20,richard dreyfuss,0
2017-10-20,robert scoble,0
2017-10-20,roy moore,11
2017-10-20,ruben kihuen,0
2017-10-20,russell simmons,0
2017-10-20,sepp blatter,0
2017-10-20,steven seagal,0
2017-10-20,terry richardson,0
2017-10-20,tom sizemore,0
2017-10-20,tony cornish,0
2017-10-20,trent franks,0
2017-10-20,warren moon,0
2017-10-20,wes goodman,0
2017-10-21,al franken,4
2017-10-21,andy dick,0
2017-10-21,blake farenthold,0
2017-10-21,brett ratner,0
2017-10-21,charlie rose,4
2017-10-21,danny masterson,0
2017-10-21,dustin hoffman,0
2017-10-21,garrison keillor,0
2017-10-21,gary goddard,0
2017-10-21,george takei,0
2017-10-21,glenn thrush,0
2017-10-21,harvey weinstein,24
2017-10-21,james levine,0
2017-10-21,james toback,0
2017-10-21,jann wenner,0
2017-10-21,jeff clemens,0
2017-10-21,jeffrey tambor,0
2017-10-21,jeremy piven,0
2017-10-21,john conyers,0
2017-10-21,john lasseter,0
2017-10-21,josh besh,0
2017-10-21,ken baker,0
2017-10-21,kevin spacey,0
2017-10-21,leon wieseltier,0
2017-10-21,louis ck,0
2017-10-21,mark halperin,0
2017-10-21,matt lauer,0
2017-10-21,matt zimmerman,0
2017-10-21,matthew weiner,0
2017-10-21,michael fallon,0
2017-10-21,michael oreskes,0
2017-10-21,nick carter,0
2017-10-21,richard dreyfuss,0
2017-10-21,robert scoble,0
2017-10-21,roy moore,1
2017-10-21,ruben kihuen,0
2017-10-21,russell simmons,0
2017-10-21,sepp blatter,0
2017-10-21,steven seagal,0
2017-10-21,terry richardson,0
2017-10-21,tom sizemore,0
2017-10-21,tony cornish,0
2017-10-21,trent franks,0
2017-10-21,warren moon,0
2017-10-21,wes goodman,0
2017-10-22,al franken,2
2017-10-22,andy dick,0
2017-10-22,blake farenthold,0
2017-10-22,brett ratner,0
2017-10-22,charlie rose,1
2017-10-22,danny masterson,0
2017-10-22,dustin hoffman,0
2017-10-22,garrison keillor,0
2017-10-22,gary goddard,0
2017-10-22,george takei,0
2017-10-22,glenn thrush,0
2017-10-22,harvey weinstein,43
2017-10-22,james levine,0
2017-10-22,james toback,0
2017-10-22,jann wenner,0
2017-10-22,jeff clemens,0
2017-10-22,jeffrey tambor,0
2017-10-22,jeremy piven,0
2017-10-22,john conyers,0
2017-10-22,john lasseter,0
2017-10-22,josh besh,0
2017-10-22,ken baker,0
2017-10-22,kevin spacey,0
2017-10-22,leon wieseltier,0
2017-10-22,louis ck,0
2017-10-22,mark halperin,0
2017-10-22,matt lauer,0
2017-10-22,matt zimmerman,0
2017-10-22,matthew weiner,0
2017-10-22,michael fallon,0
2017-10-22,michael oreskes,0
2017-10-22,nick carter,0
2017-10-22,richard dreyfuss,0
2017-10-22,robert scoble,0
2017-10-22,roy moore,3
2017-10-22,ruben kihuen,0
2017-10-22,russell simmons,0
2017-10-22,sepp blatter,0
2017-10-22,steven seagal,0
2017-10-22,terry richardson,0
2017-10-22,tom sizemore,0
2017-10-22,tony cornish,0
2017-10-22,trent franks,0
2017-10-22,warren moon,0
2017-10-22,wes goodman,0
2017-10-23,al franken,0
2017-10-23,andy dick,0
2017-10-23,blake farenthold,0
2017-10-23,brett ratner,0
2017-10-23,charlie rose,1
2017-10-23,danny masterson,0
2017-10-23,dustin hoffman,0
2017-10-23,garrison keillor,0
2017-10-23,gary goddard,0
2017-10-23,george takei,0
2017-10-23,glenn thrush,0
2017-10-23,harvey weinstein,25
2017-10-23,james levine,0
2017-10-23,james toback,2
2017-10-23,jann wenner,0
2017-10-23,jeff clemens,0
2017-10-23,jeffrey tambor,0
2017-10-23,jeremy piven,0
2017-10-23,john conyers,0
2017-10-23,john lasseter,0
2017-10-23,josh besh,0
2017-10-23,ken baker,0
2017-10-23,kevin spacey,0
2017-10-23,leon wieseltier,0
2017-10-23,louis ck,0
2017-10-23,mark halperin,3
2017-10-23,matt lauer,0
2017-10-23,matt zimmerman,0
2017-10-23,matthew weiner,0
2017-10-23,michael fallon,0
2017-10-23,michael oreskes,0
2017-10-23,nick carter,0
2017-10-23,richard dreyfuss,0
2017-10-23,robert scoble,0
2017-10-23,roy moore,16
2017-10-23,ruben kihuen,0
2017-10-23,russell simmons,0
2017-10-23,sepp blatter,0
2017-10-23,steven seagal,0
2017-10-23,terry richardson,0
2017-10-23,tom sizemore,0
2017-10-23,tony cornish,0
2017-10-23,trent franks,0
2017-10-23,warren moon,0
2017-10-23,wes goodman,0
2017-10-24,al franken,0
2017-10-24,andy dick,0
2017-10-24,blake farenthold,0
2017-10-24,brett ratner,0
2017-10-24,charlie rose,3
2017-10-24,danny masterson,0
2017-10-24,dustin hoffman,0
2017-10-24,garrison keillor,0
2017-10-24,gary goddard,0
2017-10-24,george takei,0
2017-10-24,glenn thrush,0
2017-10-24,harvey weinstein,21
2017-10-24,james levine,0
2017-10-24,james toback,0
2017-10-24,jann wenner,0
2017-10-24,jeff clemens,0
2017-10-24,jeffrey tambor,0
2017-10-24,jeremy piven,0
2017-10-24,john conyers,0
2017-10-24,john lasseter,0
2017-10-24,josh besh,0
2017-10-24,ken baker,0
2017-10-24,kevin spacey,0
2017-10-24,leon wieseltier,0
2017-10-24,louis ck,0
2017-10-24,mark halperin,2
2017-10-24,matt lauer,0
2017-10-24,matt zimmerman,0
2017-10-24,matthew weiner,0
2017-10-24,michael fallon,0
2017-10-24,michael oreskes,0
2017-10-24,nick carter,0
2017-10-24,richard dreyfuss,0
2017-10-24,robert scoble,0
2017-10-24,roy moore,9
2017-10-24,ruben kihuen,0
2017-10-24,russell simmons,0
2017-10-24,sepp blatter,0
2017-10-24,steven seagal,0
2017-10-24,terry richardson,0
2017-10-24,tom sizemore,0
2017-10-24,tony cornish,0
2017-10-24,trent franks,0
2017-10-24,warren moon,0
2017-10-24,wes goodman,0
2017-10-25,al franken,0
2017-10-25,andy dick,0
2017-10-25,blake farenthold,0
2017-10-25,brett ratner,0
2017-10-25,charlie rose,3
2017-10-25,danny masterson,0
2017-10-25,dustin hoffman,0
2017-10-25,garrison keillor,0
2017-10-25,gary goddard,0
2017-10-25,george takei,0
2017-10-25,glenn thrush,3
2017-10-25,harvey weinstein,15
2017-10-25,james levine,0
2017-10-25,james toback,0
2017-10-25,jann wenner,0
2017-10-25,jeff clemens,0
2017-10-25,jeffrey tambor,0
2017-10-25,jeremy piven,0
2017-10-25,john conyers,0
2017-10-25,john lasseter,0
2017-10-25,josh besh,0
2017-10-25,ken baker,0
2017-10-25,kevin spacey,0
2017-10-25,leon wieseltier,0
2017-10-25,louis ck,0
2017-10-25,mark halperin,0
2017-10-25,matt lauer,0
2017-10-25,matt zimmerman,0
2017-10-25,matthew weiner,0
2017-10-25,michael fallon,0
2017-10-25,michael oreskes,0
2017-10-25,nick carter,0
2017-10-25,richard dreyfuss,0
2017-10-25,robert scoble,0
2017-10-25,roy moore,4
2017-10-25,ruben kihuen,0
2017-10-25,russell simmons,0
2017-10-25,sepp blatter,0
2017-10-25,steven seagal,0
2017-10-25,terry richardson,0
2017-10-25,tom sizemore,0
2017-10-25,tony cornish,0
2017-10-25,trent franks,0
2017-10-25,warren moon,0
2017-10-25,wes goodman,0
2017-10-26,al franken,0
2017-10-26,andy dick,0
2017-10-26,blake farenthold,0
2017-10-26,brett ratner,0
2017-10-26,charlie rose,1
2017-10-26,danny masterson,0
2017-10-26,dustin hoffman,0
2017-10-26,garrison keillor,0
2017-10-26,gary goddard,0
2017-10-26,george takei,0
2017-10-26,glenn thrush,0
2017-10-26,harvey weinstein,22
2017-10-26,james levine,0
2017-10-26,james toback,2
2017-10-26,jann wenner,0
2017-10-26,jeff clemens,0
2017-10-26,jeffrey tambor,0
2017-10-26,jeremy piven,0
2017-10-26,john conyers,0
2017-10-26,john lasseter,0
2017-10-26,josh besh,0
2017-10-26,ken baker,0
2017-10-26,kevin spacey,0
2017-10-26,leon wieseltier,0
2017-10-26,louis ck,0
2017-10-26,mark halperin,16
2017-10-26,matt lauer,2
2017-10-26,matt zimmerman,0
2017-10-26,matthew weiner,0
2017-10-26,michael fallon,0
2017-10-26,michael oreskes,0
2017-10-26,nick carter,0
2017-10-26,richard dreyfuss,0
2017-10-26,robert scoble,0
2017-10-26,roy moore,18
2017-10-26,ruben kihuen,0
2017-10-26,russell simmons,0
2017-10-26,sepp blatter,0
2017-10-26,steven seagal,0
2017-10-26,terry richardson,0
2017-10-26,tom sizemore,0
2017-10-26,tony cornish,0
2017-10-26,trent franks,0
2017-10-26,warren moon,0
2017-10-26,wes goodman,0
2017-10-27,al franken,0
2017-10-27,andy dick,0
2017-10-27,blake farenthold,0
2017-10-27,brett ratner,0
2017-10-27,charlie rose,3
2017-10-27,danny masterson,0
2017-10-27,dustin hoffman,0
2017-10-27,garrison keillor,0
2017-10-27,gary goddard,0
2017-10-27,george takei,0
2017-10-27,glenn thrush,0
2017-10-27,harvey weinstein,41
2017-10-27,james levine,0
2017-10-27,james toback,1
2017-10-27,jann wenner,0
2017-10-27,jeff clemens,0
2017-10-27,jeffrey tambor,0
2017-10-27,jeremy piven,0
2017-10-27,john conyers,3
2017-10-27,john lasseter,0
2017-10-27,josh besh,0
2017-10-27,ken baker,0
2017-10-27,kevin spacey,0
2017-10-27,leon wieseltier,0
2017-10-27,louis ck,0
2017-10-27,mark halperin,12
2017-10-27,matt lauer,0
2017-10-27,matt zimmerman,0
2017-10-27,matthew weiner,0
2017-10-27,michael fallon,0
2017-10-27,michael oreskes,0
2017-10-27,nick carter,0
2017-10-27,richard dreyfuss,0
2017-10-27,robert scoble,0
2017-10-27,roy moore,17
2017-10-27,ruben kihuen,0
2017-10-27,russell simmons,0
2017-10-27,sepp blatter,0
2017-10-27,steven seagal,0
2017-10-27,terry richardson,0
2017-10-27,tom sizemore,0
2017-10-27,tony cornish,0
2017-10-27,trent franks,0
2017-10-27,warren moon,0
2017-10-27,wes goodman,0
2017-10-28,al franken,0
2017-10-28,andy dick,0
2017-10-28,blake farenthold,0
2017-10-28,brett ratner,0
2017-10-28,charlie rose,3
2017-10-28,danny masterson,0
2017-10-28,dustin hoffman,0
2017-10-28,garrison keillor,0
2017-10-28,gary goddard,0
2017-10-28,george takei,0
2017-10-28,glenn thrush,0
2017-10-28,harvey weinstein,10
2017-10-28,james levine,0
2017-10-28,james toback,0
2017-10-28,jann wenner,0
2017-10-28,jeff clemens,0
2017-10-28,jeffrey tambor,0
2017-10-28,jeremy piven,0
2017-10-28,john conyers,0
2017-10-28,john lasseter,0
2017-10-28,josh besh,0
2017-10-28,ken baker,0
2017-10-28,kevin spacey,0
2017-10-28,leon wieseltier,0
2017-10-28,louis ck,0
2017-10-28,mark halperin,3
2017-10-28,matt lauer,0
2017-10-28,matt zimmerman,0
2017-10-28,matthew weiner,0
2017-10-28,michael fallon,0
2017-10-28,michael oreskes,0
2017-10-28,nick carter,0
2017-10-28,richard dreyfuss,0
2017-10-28,robert scoble,0
2017-10-28,roy moore,0
2017-10-28,ruben kihuen,0
2017-10-28,russell simmons,0
2017-10-28,sepp blatter,0
2017-10-28,steven seagal,0
2017-10-28,terry richardson,0
2017-10-28,tom sizemore,0
2017-10-28,tony cornish,0
2017-10-28,trent franks,1
2017-10-28,warren moon,0
2017-10-28,wes goodman,0
2017-10-29,al franken,0
2017-10-29,andy dick,0
2017-10-29,blake farenthold,0
2017-10-29,brett ratner,0
2017-10-29,charlie rose,4
2017-10-29,danny masterson,0
2017-10-29,dustin hoffman,0
2017-10-29,garrison keillor,0
2017-10-29,gary goddard,0
2017-10-29,george takei,0
2017-10-29,glenn thrush,0
2017-10-29,harvey weinstein,12
2017-10-29,james levine,0
2017-10-29,james toback,0
2017-10-29,jann wenner,0
2017-10-29,jeff clemens,0
2017-10-29,jeffrey tambor,0
2017-10-29,jeremy piven,0
2017-10-29,john conyers,0
2017-10-29,john lasseter,0
2017-10-29,josh besh,0
2017-10-29,ken baker,0
2017-10-29,kevin spacey,0
2017-10-29,leon wieseltier,0
2017-10-29,louis ck,0
2017-10-29,mark halperin,10
2017-10-29,matt lauer,0
2017-10-29,matt zimmerman,0
2017-10-29,matthew weiner,0
2017-10-29,michael fallon,0
2017-10-29,michael oreskes,0
2017-10-29,nick carter,0
2017-10-29,richard dreyfuss,0
2017-10-29,robert scoble,0
2017-10-29,roy moore,1
2017-10-29,ruben kihuen,0
2017-10-29,russell simmons,0
2017-10-29,sepp blatter,0
2017-10-29,steven seagal,0
2017-10-29,terry richardson,0
2017-10-29,tom sizemore,0
2017-10-29,tony cornish,0
2017-10-29,trent franks,0
2017-10-29,warren moon,0
2017-10-29,wes goodman,0
2017-10-30,al franken,2
2017-10-30,andy dick,0
2017-10-30,blake farenthold,0
2017-10-30,brett ratner,0
2017-10-30,charlie rose,2
2017-10-30,danny masterson,0
2017-10-30,dustin hoffman,0
2017-10-30,garrison keillor,0
2017-10-30,gary goddard,0
2017-10-30,george takei,0
2017-10-30,glenn thrush,1
2017-10-30,harvey weinstein,11
2017-10-30,james levine,0
2017-10-30,james toback,0
2017-10-30,jann wenner,0
2017-10-30,jeff clemens,0
2017-10-30,jeffrey tambor,0
2017-10-30,jeremy piven,0
2017-10-30,john conyers,0
2017-10-30,john lasseter,0
2017-10-30,josh besh,0
2017-10-30,ken baker,0
2017-10-30,kevin spacey,15
2017-10-30,leon wieseltier,0
2017-10-30,louis ck,0
2017-10-30,mark halperin,0
2017-10-30,matt lauer,0
2017-10-30,matt zimmerman,0
2017-10-30,matthew weiner,0
2017-10-30,michael fallon,0
2017-10-30,michael oreskes,0
2017-10-30,nick carter,0
2017-10-30,richard dreyfuss,0
2017-10-30,robert scoble,0
2017-10-30,roy moore,0
2017-10-30,ruben kihuen,0
2017-10-30,russell simmons,0
2017-10-30,sepp blatter,0
2017-10-30,steven seagal,0
2017-10-30,terry richardson,0
2017-10-30,tom sizemore,0
2017-10-30,tony cornish,0
2017-10-30,trent franks,0
2017-10-30,warren moon,0
2017-10-30,wes goodman,0
2017-10-31,al franken,0
2017-10-31,andy dick,0
2017-10-31,blake farenthold,0
2017-10-31,brett ratner,0
2017-10-31,charlie rose,1
2017-10-31,danny masterson,0
2017-10-31,dustin hoffman,0
2017-10-31,garrison keillor,0
2017-10-31,gary goddard,0
2017-10-31,george takei,0
2017-10-31,glenn thrush,0
2017-10-31,harvey weinstein,5
2017-10-31,james levine,0
2017-10-31,james toback,0
2017-10-31,jann wenner,0
2017-10-31,jeff clemens,0
2017-10-31,jeffrey tambor,0
2017-10-31,jeremy piven,0
2017-10-31,john conyers,0
2017-10-31,john lasseter,0
2017-10-31,josh besh,0
2017-10-31,ken baker,0
2017-10-31,kevin spacey,29
2017-10-31,leon wieseltier,0
2017-10-31,louis ck,0
2017-10-31,mark halperin,0
2017-10-31,matt lauer,0
2017-10-31,matt zimmerman,0
2017-10-31,matthew weiner,0
2017-10-31,michael fallon,1
2017-10-31,michael oreskes,0
2017-10-31,nick carter,0
2017-10-31,richard dreyfuss,0
2017-10-31,robert scoble,0
2017-10-31,roy moore,5
2017-10-31,ruben kihuen,0
2017-10-31,russell simmons,0
2017-10-31,sepp blatter,0
2017-10-31,steven seagal,0
2017-10-31,terry richardson,0
2017-10-31,tom sizemore,0
2017-10-31,tony cornish,0
2017-10-31,trent franks,0
2017-10-31,warren moon,0
2017-10-31,wes goodman,0
2017-11-01,al franken,2
2017-11-01,andy dick,0
2017-11-01,blake farenthold,0
2017-11-01,brett ratner,0
2017-11-01,charlie rose,1
2017-11-01,danny masterson,0
2017-11-01,dustin hoffman,0
2017-11-01,garrison keillor,0
2017-11-01,gary goddard,0
2017-11-01,george takei,0
2017-11-01,glenn thrush,0
2017-11-01,harvey weinstein,0
2017-11-01,james levine,0
2017-11-01,james toback,0
2017-11-01,jann wenner,0
2017-11-01,jeff clemens,0
2017-11-01,jeffrey tambor,0
2017-11-01,jeremy piven,0
2017-11-01,john conyers,0
2017-11-01,john lasseter,0
2017-11-01,josh besh,0
2017-11-01,ken baker,0
2017-11-01,kevin spacey,4
2017-11-01,leon wieseltier,0
2017-11-01,louis ck,0
2017-11-01,mark halperin,0
2017-11-01,matt lauer,0
2017-11-01,matt zimmerman,0
2017-11-01,matthew weiner,0
2017-11-01,michael fallon,3
2017-11-01,michael oreskes,0
2017-11-01,nick carter,0
2017-11-01,richard dreyfuss,0
2017-11-01,robert scoble,0
2017-11-01,roy moore,2
2017-11-01,ruben kihuen,0
2017-11-01,russell simmons,0
2017-11-01,sepp blatter,0
2017-11-01,steven seagal,0
2017-11-01,terry richardson,0
2017-11-01,tom sizemore,0
2017-11-01,tony cornish,0
2017-11-01,trent franks,0
2017-11-01,warren moon,0
2017-11-01,wes goodman,0
2017-11-02,al franken,10
2017-11-02,andy dick,0
2017-11-02,blake farenthold,0
2017-11-02,brett ratner,0
2017-11-02,charlie rose,3
2017-11-02,danny masterson,0
2017-11-02,dustin hoffman,5
2017-11-02,garrison keillor,0
2017-11-02,gary goddard,0
2017-11-02,george takei,0
2017-11-02,glenn thrush,0
2017-11-02,harvey weinstein,4
2017-11-02,james levine,0
2017-11-02,james toback,0
2017-11-02,jann wenner,0
2017-11-02,jeff clemens,0
2017-11-02,jeffrey tambor,0
2017-11-02,jeremy piven,1
2017-11-02,john conyers,0
2017-11-02,john lasseter,0
2017-11-02,josh besh,0
2017-11-02,ken baker,0
2017-11-02,kevin spacey,1
2017-11-02,leon wieseltier,0
2017-11-02,louis ck,0
2017-11-02,mark halperin,1
2017-11-02,matt lauer,0
2017-11-02,matt zimmerman,0
2017-11-02,matthew weiner,0
2017-11-02,michael fallon,6
2017-11-02,michael oreskes,0
2017-11-02,nick carter,0
2017-11-02,richard dreyfuss,0
2017-11-02,robert scoble,0
2017-11-02,roy moore,1
2017-11-02,ruben kihuen,0
2017-11-02,russell simmons,0
2017-11-02,sepp blatter,0
2017-11-02,steven seagal,0
2017-11-02,terry richardson,0
2017-11-02,tom sizemore,0
2017-11-02,tony cornish,0
2017-11-02,trent franks,0
2017-11-02,warren moon,0
2017-11-02,wes goodman,0
2017-11-03,al franken,21
2017-11-03,andy dick,0
2017-11-03,blake farenthold,0
2017-11-03,brett ratner,0
2017-11-03,charlie rose,5
2017-11-03,danny masterson,0
2017-11-03,dustin hoffman,2
2017-11-03,garrison keillor,0
2017-11-03,gary goddard,0
2017-11-03,george takei,0
2017-11-03,glenn thrush,0
2017-11-03,harvey weinstein,25
2017-11-03,james levine,0
2017-11-03,james toback,1
2017-11-03,jann wenner,0
2017-11-03,jeff clemens,0
2017-11-03,jeffrey tambor,0
2017-11-03,jeremy piven,1
2017-11-03,john conyers,0
2017-11-03,john lasseter,0
2017-11-03,josh besh,0
2017-11-03,ken baker,0
2017-11-03,kevin spacey,28
2017-11-03,leon wieseltier,0
2017-11-03,louis ck,0
2017-11-03,mark halperin,1
2017-11-03,matt lauer,0
2017-11-03,matt zimmerman,0
2017-11-03,matthew weiner,0
2017-11-03,michael fallon,0
2017-11-03,michael oreskes,0
2017-11-03,nick carter,0
2017-11-03,richard dreyfuss,0
2017-11-03,robert scoble,0
2017-11-03,roy moore,0
2017-11-03,ruben kihuen,0
2017-11-03,russell simmons,0
2017-11-03,sepp blatter,0
2017-11-03,steven seagal,0
2017-11-03,terry richardson,0
2017-11-03,tom sizemore,0
2017-11-03,tony cornish,0
2017-11-03,trent franks,2
2017-11-03,warren moon,0
2017-11-03,wes goodman,0
2017-11-04,al franken,7
2017-11-04,andy dick,0
2017-11-04,blake farenthold,0
2017-11-04,brett ratner,0
2017-11-04,charlie rose,4
2017-11-04,danny masterson,0
2017-11-04,dustin hoffman,0
2017-11-04,garrison keillor,0
2017-11-04,gary goddard,0
2017-11-04,george takei,0
2017-11-04,glenn thrush,0
2017-11-04,harvey weinstein,25
2017-11-04,james levine,0
2017-11-04,james toback,0
2017-11-04,jann wenner,1
2017-11-04,jeff clemens,0
2017-11-04,jeffrey tambor,0
2017-11-04,jeremy piven,0
2017-11-04,john conyers,0
2017-11-04,john lasseter,0
2017-11-04,josh besh,0
2017-11-04,ken baker,0
2017-11-04,kevin spacey,29
2017-11-04,leon wieseltier,0
2017-11-04,louis ck,0
2017-11-04,mark halperin,0
2017-11-04,matt lauer,0
2017-11-04,matt zimmerman,0
2017-11-04,matthew weiner,0
2017-11-04,michael fallon,0
2017-11-04,michael oreskes,0
2017-11-04,nick carter,0
2017-11-04,richard dreyfuss,0
2017-11-04,robert scoble,0
2017-11-04,roy moore,0
2017-11-04,ruben kihuen,0
2017-11-04,russell simmons,0
2017-11-04,sepp blatter,0
2017-11-04,steven seagal,0
2017-11-04,terry richardson,0
2017-11-04,tom sizemore,0
2017-11-04,tony cornish,0
2017-11-04,trent franks,0
2017-11-04,warren moon,0
2017-11-04,wes goodman,0
2017-11-05,al franken,1
2017-11-05,andy dick,0
2017-11-05,blake farenthold,0
2017-11-05,brett ratner,1
2017-11-05,charlie rose,4
2017-11-05,danny masterson,0
2017-11-05,dustin hoffman,1
2017-11-05,garrison keillor,0
2017-11-05,gary goddard,0
2017-11-05,george takei,0
2017-11-05,glenn thrush,0
2017-11-05,harvey weinstein,17
2017-11-05,james levine,0
2017-11-05,james toback,0
2017-11-05,jann wenner,0
2017-11-05,jeff clemens,0
2017-11-05,jeffrey tambor,0
2017-11-05,jeremy piven,0
2017-11-05,john conyers,0
2017-11-05,john lasseter,0
2017-11-05,josh besh,0
2017-11-05,ken baker,0
2017-11-05,kevin spacey,14
2017-11-05,leon wieseltier,0
2017-11-05,louis ck,0
2017-11-05,mark halperin,1
2017-11-05,matt lauer,0
2017-11-05,matt zimmerman,0
2017-11-05,matthew weiner,0
2017-11-05,michael fallon,0
2017-11-05,michael oreskes,0
2017-11-05,nick carter,0
2017-11-05,richard dreyfuss,3
2017-11-05,robert scoble,0
2017-11-05,roy moore,0
2017-11-05,ruben kihuen,0
2017-11-05,russell simmons,0
2017-11-05,sepp blatter,0
2017-11-05,steven seagal,0
2017-11-05,terry richardson,0
2017-11-05,tom sizemore,0
2017-11-05,tony cornish,0
2017-11-05,trent franks,0
2017-11-05,warren moon,0
2017-11-05,wes goodman,0
2017-11-06,al franken,0
2017-11-06,andy dick,0
2017-11-06,blake farenthold,0
2017-11-06,brett ratner,0
2017-11-06,charlie rose,2
2017-11-06,danny masterson,0
2017-11-06,dustin hoffman,0
2017-11-06,garrison keillor,0
2017-11-06,gary goddard,0
2017-11-06,george takei,0
2017-11-06,glenn thrush,0
2017-11-06,harvey weinstein,1
2017-11-06,james levine,0
2017-11-06,james toback,0
2017-11-06,jann wenner,0
2017-11-06,jeff clemens,0
2017-11-06,jeffrey tambor,0
2017-11-06,jeremy piven,0
2017-11-06,john conyers,0
2017-11-06,john lasseter,0
2017-11-06,josh besh,0
2017-11-06,ken baker,0
2017-11-06,kevin spacey,5
2017-11-06,leon wieseltier,0
2017-11-06,louis ck,0
2017-11-06,mark halperin,0
2017-11-06,matt lauer,0
2017-11-06,matt zimmerman,0
2017-11-06,matthew weiner,0
2017-11-06,michael fallon,0
2017-11-06,michael oreskes,0
2017-11-06,nick carter,0
2017-11-06,richard dreyfuss,1
2017-11-06,robert scoble,0
2017-11-06,roy moore,0
2017-11-06,ruben kihuen,0
2017-11-06,russell simmons,0
2017-11-06,sepp blatter,0
2017-11-06,steven seagal,0
2017-11-06,terry richardson,0
2017-11-06,tom sizemore,0
2017-11-06,tony cornish,0
2017-11-06,trent franks,0
2017-11-06,warren moon,0
2017-11-06,wes goodman,0
2017-11-07,al franken,2
2017-11-07,andy dick,0
2017-11-07,blake farenthold,0
2017-11-07,brett ratner,0
2017-11-07,charlie rose,4
2017-11-07,danny masterson,0
2017-11-07,dustin hoffman,0
2017-11-07,garrison keillor,0
2017-11-07,gary goddard,0
2017-11-07,george takei,0
2017-11-07,glenn thrush,0
2017-11-07,harvey weinstein,28
2017-11-07,james levine,0
2017-11-07,james toback,0
2017-11-07,jann wenner,0
2017-11-07,jeff clemens,0
2017-11-07,jeffrey tambor,0
2017-11-07,jeremy piven,0
2017-11-07,john conyers,0
2017-11-07,john lasseter,0
2017-11-07,josh besh,0
2017-11-07,ken baker,0
2017-11-07,kevin spacey,2
2017-11-07,leon wieseltier,0
2017-11-07,louis ck,0
2017-11-07,mark halperin,0
2017-11-07,matt lauer,0
2017-11-07,matt zimmerman,0
2017-11-07,matthew weiner,0
2017-11-07,michael fallon,0
2017-11-07,michael oreskes,0
2017-11-07,nick carter,0
2017-11-07,richard dreyfuss,0
2017-11-07,robert scoble,0
2017-11-07,roy moore,1
2017-11-07,ruben kihuen,0
2017-11-07,russell simmons,0
2017-11-07,sepp blatter,0
2017-11-07,steven seagal,0
2017-11-07,terry richardson,0
2017-11-07,tom sizemore,0
2017-11-07,tony cornish,0
2017-11-07,trent franks,0
2017-11-07,warren moon,0
2017-11-07,wes goodman,0
2017-11-08,al franken,0
2017-11-08,andy dick,1
2017-11-08,blake farenthold,0
2017-11-08,brett ratner,0
2017-11-08,charlie rose,2
2017-11-08,danny masterson,0
2017-11-08,dustin hoffman,0
2017-11-08,garrison keillor,0
2017-11-08,gary goddard,0
2017-11-08,george takei,0
2017-11-08,glenn thrush,0
2017-11-08,harvey weinstein,22
2017-11-08,james levine,0
2017-11-08,james toback,0
2017-11-08,jann wenner,0
2017-11-08,jeff clemens,0
2017-11-08,jeffrey tambor,0
2017-11-08,jeremy piven,0
2017-11-08,john conyers,0
2017-11-08,john lasseter,0
2017-11-08,josh besh,0
2017-11-08,ken baker,0
2017-11-08,kevin spacey,62
2017-11-08,leon wieseltier,0
2017-11-08,louis ck,1
2017-11-08,mark halperin,0
2017-11-08,matt lauer,0
2017-11-08,matt zimmerman,0
2017-11-08,matthew weiner,0
2017-11-08,michael fallon,3
2017-11-08,michael oreskes,0
2017-11-08,nick carter,0
2017-11-08,richard dreyfuss,0
2017-11-08,robert scoble,0
2017-11-08,roy moore,6
2017-11-08,ruben kihuen,0
2017-11-08,russell simmons,0
2017-11-08,sepp blatter,0
2017-11-08,steven seagal,0
2017-11-08,terry richardson,0
2017-11-08,tom sizemore,0
2017-11-08,tony cornish,0
2017-11-08,trent franks,1
2017-11-08,warren moon,0
2017-11-08,wes goodman,0
2017-11-09,al franken,0
2017-11-09,andy dick,0
2017-11-09,blake farenthold,0
2017-11-09,brett ratner,0
2017-11-09,charlie rose,6
2017-11-09,danny masterson,0
2017-11-09,dustin hoffman,0
2017-11-09,garrison keillor,0
2017-11-09,gary goddard,0
2017-11-09,george takei,0
2017-11-09,glenn thrush,0
2017-11-09,harvey weinstein,29
2017-11-09,james levine,0
2017-11-09,james toback,0
2017-11-09,jann wenner,0
2017-11-09,jeff clemens,0
2017-11-09,jeffrey tambor,0
2017-11-09,jeremy piven,0
2017-11-09,john conyers,0
2017-11-09,john lasseter,0
2017-11-09,josh besh,0
2017-11-09,ken baker,0
2017-11-09,kevin spacey,60
2017-11-09,leon wieseltier,0
2017-11-09,louis ck,4
2017-11-09,mark halperin,0
2017-11-09,matt lauer,0
2017-11-09,matt zimmerman,0
2017-11-09,matthew weiner,0
2017-11-09,michael fallon,0
2017-11-09,michael oreskes,0
2017-11-09,nick carter,0
2017-11-09,richard dreyfuss,0
2017-11-09,robert scoble,0
2017-11-09,roy moore,163
2017-11-09,ruben kihuen,0
2017-11-09,russell simmons,0
2017-11-09,sepp blatter,0
2017-11-09,steven seagal,0
2017-11-09,terry richardson,0
2017-11-09,tom sizemore,0
2017-11-09,tony cornish,0
2017-11-09,trent franks,1
2017-11-09,warren moon,0
2017-11-09,wes goodman,0
2017-11-10,al franken,0
2017-11-10,andy dick,0
2017-11-10,blake farenthold,0
2017-11-10,brett ratner,0
2017-11-10,charlie rose,6
2017-11-10,danny masterson,0
2017-11-10,dustin hoffman,3
2017-11-10,garrison keillor,0
2017-11-10,gary goddard,0
2017-11-10,george takei,0
2017-11-10,glenn thrush,1
2017-11-10,harvey weinstein,45
2017-11-10,james levine,0
2017-11-10,james toback,0
2017-11-10,jann wenner,0
2017-11-10,jeff clemens,0
2017-11-10,jeffrey tambor,4
2017-11-10,jeremy piven,0
2017-11-10,john conyers,0
2017-11-10,john lasseter,0
2017-11-10,josh besh,0
2017-11-10,ken baker,0
2017-11-10,kevin spacey,23
2017-11-10,leon wieseltier,0
2017-11-10,louis ck,25
2017-11-10,mark halperin,5
2017-11-10,matt lauer,0
2017-11-10,matt zimmerman,0
2017-11-10,matthew weiner,0
2017-11-10,michael fallon,0
2017-11-10,michael oreskes,0
2017-11-10,nick carter,0
2017-11-10,richard dreyfuss,0
2017-11-10,robert scoble,0
2017-11-10,roy moore,815
2017-11-10,ruben kihuen,0
2017-11-10,russell simmons,0
2017-11-10,sepp blatter,0
2017-11-10,steven seagal,0
2017-11-10,terry richardson,0
2017-11-10,tom sizemore,0
2017-11-10,tony cornish,0
2017-11-10,trent franks,0
2017-11-10,warren moon,0
2017-11-10,wes goodman,0
2017-11-11,al franken,0
2017-11-11,andy dick,0
2017-11-11,blake farenthold,0
2017-11-11,brett ratner,1
2017-11-11,charlie rose,3
2017-11-11,danny masterson,0
2017-11-11,dustin hoffman,3
2017-11-11,garrison keillor,0
2017-11-11,gary goddard,1
2017-11-11,george takei,0
2017-11-11,glenn thrush,0
2017-11-11,harvey weinstein,41
2017-11-11,james levine,0
2017-11-11,james toback,0
2017-11-11,jann wenner,0
2017-11-11,jeff clemens,0
2017-11-11,jeffrey tambor,0
2017-11-11,jeremy piven,3
2017-11-11,john conyers,0
2017-11-11,john lasseter,0
2017-11-11,josh besh,0
2017-11-11,ken baker,0
2017-11-11,kevin spacey,17
2017-11-11,leon wieseltier,0
2017-11-11,louis ck,58
2017-11-11,mark halperin,3
2017-11-11,matt lauer,0
2017-11-11,matt zimmerman,0
2017-11-11,matthew weiner,0
2017-11-11,michael fallon,0
2017-11-11,michael oreskes,0
2017-11-11,nick carter,0
2017-11-11,richard dreyfuss,0
2017-11-11,robert scoble,0
2017-11-11,roy moore,638
2017-11-11,ruben kihuen,0
2017-11-11,russell simmons,0
2017-11-11,sepp blatter,0
2017-11-11,steven seagal,0
2017-11-11,terry richardson,0
2017-11-11,tom sizemore,0
2017-11-11,tony cornish,0
2017-11-11,trent franks,0
2017-11-11,warren moon,0
2017-11-11,wes goodman,0
2017-11-12,al franken,0
2017-11-12,andy dick,0
2017-11-12,blake farenthold,0
2017-11-12,brett ratner,0
2017-11-12,charlie rose,3
2017-11-12,danny masterson,0
2017-11-12,dustin hoffman,0
2017-11-12,garrison keillor,0
2017-11-12,gary goddard,1
2017-11-12,george takei,2
2017-11-12,glenn thrush,0
2017-11-12,harvey weinstein,14
2017-11-12,james levine,0
2017-11-12,james toback,0
2017-11-12,jann wenner,0
2017-11-12,jeff clemens,0
2017-11-12,jeffrey tambor,0
2017-11-12,jeremy piven,1
2017-11-12,john conyers,0
2017-11-12,john lasseter,0
2017-11-12,josh besh,0
2017-11-12,ken baker,0
2017-11-12,kevin spacey,7
2017-11-12,leon wieseltier,0
2017-11-12,louis ck,3
2017-11-12,mark halperin,0
2017-11-12,matt lauer,0
2017-11-12,matt zimmerman,0
2017-11-12,matthew weiner,0
2017-11-12,michael fallon,0
2017-11-12,michael oreskes,0
2017-11-12,nick carter,0
2017-11-12,richard dreyfuss,2
2017-11-12,robert scoble,0
2017-11-12,roy moore,357
2017-11-12,ruben kihuen,0
2017-11-12,russell simmons,0
2017-11-12,sepp blatter,0
2017-11-12,steven seagal,0
2017-11-12,terry richardson,0
2017-11-12,tom sizemore,0
2017-11-12,tony cornish,0
2017-11-12,trent franks,0
2017-11-12,warren moon,0
2017-11-12,wes goodman,0
2017-11-13,al franken,3
2017-11-13,andy dick,0
2017-11-13,blake farenthold,0
2017-11-13,brett ratner,0
2017-11-13,charlie rose,1
2017-11-13,danny masterson,0
2017-11-13,dustin hoffman,0
2017-11-13,garrison keillor,0
2017-11-13,gary goddard,0
2017-11-13,george takei,0
2017-11-13,glenn thrush,0
2017-11-13,harvey weinstein,18
2017-11-13,james levine,0
2017-11-13,james toback,0
2017-11-13,jann wenner,0
2017-11-13,jeff clemens,0
2017-11-13,jeffrey tambor,0
2017-11-13,jeremy piven,0
2017-11-13,john conyers,0
2017-11-13,john lasseter,0
2017-11-13,josh besh,0
2017-11-13,ken baker,0
2017-11-13,kevin spacey,4
2017-11-13,leon wieseltier,0
2017-11-13,louis ck,0
2017-11-13,mark halperin,0
2017-11-13,matt lauer,0
2017-11-13,matt zimmerman,0
2017-11-13,matthew weiner,0
2017-11-13,michael fallon,0
2017-11-13,michael oreskes,0
2017-11-13,nick carter,0
2017-11-13,richard dreyfuss,0
2017-11-13,robert scoble,0
2017-11-13,roy moore,588
2017-11-13,ruben kihuen,0
2017-11-13,russell simmons,0
2017-11-13,sepp blatter,0
2017-11-13,steven seagal,0
2017-11-13,terry richardson,0
2017-11-13,tom sizemore,0
2017-11-13,tony cornish,0
2017-11-13,trent franks,0
2017-11-13,warren moon,0
2017-11-13,wes goodman,0
2017-11-14,al franken,8
2017-11-14,andy dick,0
2017-11-14,blake farenthold,0
2017-11-14,brett ratner,0
2017-11-14,charlie rose,4
2017-11-14,danny masterson,0
2017-11-14,dustin hoffman,0
2017-11-14,garrison keillor,0
2017-11-14,gary goddard,0
2017-11-14,george takei,0
2017-11-14,glenn thrush,0
2017-11-14,harvey weinstein,14
2017-11-14,james levine,0
2017-11-14,james toback,0
2017-11-14,jann wenner,0
2017-11-14,jeff clemens,0
2017-11-14,jeffrey tambor,0
2017-11-14,jeremy piven,0
2017-11-14,john conyers,2
2017-11-14,john lasseter,0
2017-11-14,josh besh,0
2017-11-14,ken baker,0
2017-11-14,kevin spacey,2
2017-11-14,leon wieseltier,0
2017-11-14,louis ck,0
2017-11-14,mark halperin,0
2017-11-14,matt lauer,2
2017-11-14,matt zimmerman,0
2017-11-14,matthew weiner,0
2017-11-14,michael fallon,0
2017-11-14,michael oreskes,0
2017-11-14,nick carter,0
2017-11-14,richard dreyfuss,0
2017-11-14,robert scoble,0
2017-11-14,roy moore,782
2017-11-14,ruben kihuen,0
2017-11-14,russell simmons,0
2017-11-14,sepp blatter,0
2017-11-14,steven seagal,0
2017-11-14,terry richardson,0
2017-11-14,tom sizemore,0
2017-11-14,tony cornish,0
2017-11-14,trent franks,1
2017-11-14,warren moon,0
2017-11-14,wes goodman,0
2017-11-15,al franken,6
2017-11-15,andy dick,0
2017-11-15,blake farenthold,0
2017-11-15,brett ratner,0
2017-11-15,charlie rose,1
2017-11-15,danny masterson,0
2017-11-15,dustin hoffman,0
2017-11-15,garrison keillor,0
2017-11-15,gary goddard,0
2017-11-15,george takei,0
2017-11-15,glenn thrush,0
2017-11-15,harvey weinstein,24
2017-11-15,james levine,0
2017-11-15,james toback,0
2017-11-15,jann wenner,0
2017-11-15,jeff clemens,0
2017-11-15,jeffrey tambor,0
2017-11-15,jeremy piven,0
2017-11-15,john conyers,0
2017-11-15,john lasseter,0
2017-11-15,josh besh,0
2017-11-15,ken baker,0
2017-11-15,kevin spacey,1
2017-11-15,leon wieseltier,0
2017-11-15,louis ck,2
2017-11-15,mark halperin,1
2017-11-15,matt lauer,0
2017-11-15,matt zimmerman,0
2017-11-15,matthew weiner,0
2017-11-15,michael fallon,0
2017-11-15,michael oreskes,0
2017-11-15,nick carter,0
2017-11-15,richard dreyfuss,0
2017-11-15,robert scoble,0
2017-11-15,roy moore,1024
2017-11-15,ruben kihuen,0
2017-11-15,russell simmons,0
2017-11-15,sepp blatter,0
2017-11-15,steven seagal,1
2017-11-15,terry richardson,0
2017-11-15,tom sizemore,0
2017-11-15,tony cornish,0
2017-11-15,trent franks,1
2017-11-15,warren moon,0
2017-11-15,wes goodman,0
2017-11-16,al franken,185
2017-11-16,andy dick,0
2017-11-16,blake farenthold,0
2017-11-16,brett ratner,0
2017-11-16,charlie rose,1
2017-11-16,danny masterson,0
2017-11-16,dustin hoffman,1
2017-11-16,garrison keillor,0
2017-11-16,gary goddard,0
2017-11-16,george takei,1
2017-11-16,glenn thrush,0
2017-11-16,harvey weinstein,35
2017-11-16,james levine,0
2017-11-16,james toback,0
2017-11-16,jann wenner,0
2017-11-16,jeff clemens,0
2017-11-16,jeffrey tambor,0
2017-11-16,jeremy piven,0
2017-11-16,john conyers,0
2017-11-16,john lasseter,0
2017-11-16,josh besh,0
2017-11-16,ken baker,0
2017-11-16,kevin spacey,7
2017-11-16,leon wieseltier,0
2017-11-16,louis ck,1
2017-11-16,mark halperin,1
2017-11-16,matt lauer,0
2017-11-16,matt zimmerman,0
2017-11-16,matthew weiner,0
2017-11-16,michael fallon,0
2017-11-16,michael oreskes,0
2017-11-16,nick carter,0
2017-11-16,richard dreyfuss,0
2017-11-16,robert scoble,0
2017-11-16,roy moore,1107
2017-11-16,ruben kihuen,0
2017-11-16,russell simmons,0
2017-11-16,sepp blatter,0
2017-11-16,steven seagal,0
2017-11-16,terry richardson,0
2017-11-16,tom sizemore,0
2017-11-16,tony cornish,0
2017-11-16,trent franks,0
2017-11-16,warren moon,0
2017-11-16,wes goodman,0
2017-11-17,al franken,516
2017-11-17,andy dick,0
2017-11-17,blake farenthold,0
2017-11-17,brett ratner,0
2017-11-17,charlie rose,5
2017-11-17,danny masterson,0
2017-11-17,dustin hoffman,0
2017-11-17,garrison keillor,0
2017-11-17,gary goddard,0
2017-11-17,george takei,0
2017-11-17,glenn thrush,0
2017-11-17,harvey weinstein,24
2017-11-17,james levine,0
2017-11-17,james toback,0
2017-11-17,jann wenner,0
2017-11-17,jeff clemens,0
2017-11-17,jeffrey tambor,1
2017-11-17,jeremy piven,0
2017-11-17,john conyers,0
2017-11-17,john lasseter,0
2017-11-17,josh besh,0
2017-11-17,ken baker,0
2017-11-17,kevin spacey,4
2017-11-17,leon wieseltier,0
2017-11-17,louis ck,1
2017-11-17,mark halperin,2
2017-11-17,matt lauer,0
2017-11-17,matt zimmerman,0
2017-11-17,matthew weiner,0
2017-11-17,michael fallon,0
2017-11-17,michael oreskes,0
2017-11-17,nick carter,0
2017-11-17,richard dreyfuss,0
2017-11-17,robert scoble,0
2017-11-17,roy moore,637
2017-11-17,ruben kihuen,0
2017-11-17,russell simmons,0
2017-11-17,sepp blatter,0
2017-11-17,steven seagal,0
2017-11-17,terry richardson,0
2017-11-17,tom sizemore,0
2017-11-17,tony cornish,0
2017-11-17,trent franks,0
2017-11-17,warren moon,0
2017-11-17,wes goodman,0
2017-11-18,al franken,409
2017-11-18,andy dick,0
2017-11-18,blake farenthold,0
2017-11-18,brett ratner,0
2017-11-18,charlie rose,6
2017-11-18,danny masterson,0
2017-11-18,dustin hoffman,0
2017-11-18,garrison keillor,0
2017-11-18,gary goddard,0
2017-11-18,george takei,0
2017-11-18,glenn thrush,0
2017-11-18,harvey weinstein,27
2017-11-18,james levine,0
2017-11-18,james toback,0
2017-11-18,jann wenner,0
2017-11-18,jeff clemens,0
2017-11-18,jeffrey tambor,0
2017-11-18,jeremy piven,0
2017-11-18,john conyers,0
2017-11-18,john lasseter,0
2017-11-18,josh besh,0
2017-11-18,ken baker,0
2017-11-18,kevin spacey,8
2017-11-18,leon wieseltier,0
2017-11-18,louis ck,1
2017-11-18,mark halperin,0
2017-11-18,matt lauer,0
2017-11-18,matt zimmerman,0
2017-11-18,matthew weiner,1
2017-11-18,michael fallon,0
2017-11-18,michael oreskes,0
2017-11-18,nick carter,0
2017-11-18,richard dreyfuss,0
2017-11-18,robert scoble,0
2017-11-18,roy moore,690
2017-11-18,ruben kihuen,0
2017-11-18,russell simmons,0
2017-11-18,sepp blatter,0
2017-11-18,steven seagal,0
2017-11-18,terry richardson,0
2017-11-18,tom sizemore,0
2017-11-18,tony cornish,0
2017-11-18,trent franks,0
2017-11-18,warren moon,0
2017-11-18,wes goodman,0
2017-11-19,al franken,195
2017-11-19,andy dick,0
2017-11-19,blake farenthold,0
2017-11-19,brett ratner,0
2017-11-19,charlie rose,3
2017-11-19,danny masterson,0
2017-11-19,dustin hoffman,0
2017-11-19,garrison keillor,0
2017-11-19,gary goddard,0
2017-11-19,george takei,0
2017-11-19,glenn thrush,0
2017-11-19,harvey weinstein,32
2017-11-19,james levine,0
2017-11-19,james toback,0
2017-11-19,jann wenner,0
2017-11-19,jeff clemens,0
2017-11-19,jeffrey tambor,0
2017-11-19,jeremy piven,0
2017-11-19,john conyers,0
2017-11-19,john lasseter,0
2017-11-19,josh besh,0
2017-11-19,ken baker,0
2017-11-19,kevin spacey,10
2017-11-19,leon wieseltier,0
2017-11-19,louis ck,1
2017-11-19,mark halperin,0
2017-11-19,matt lauer,0
2017-11-19,matt zimmerman,0
2017-11-19,matthew weiner,0
2017-11-19,michael fallon,0
2017-11-19,michael oreskes,0
2017-11-19,nick carter,0
2017-11-19,richard dreyfuss,0
2017-11-19,robert scoble,0
2017-11-19,roy moore,470
2017-11-19,ruben kihuen,0
2017-11-19,russell simmons,0
2017-11-19,sepp blatter,0
2017-11-19,steven seagal,0
2017-11-19,terry richardson,0
2017-11-19,tom sizemore,0
2017-11-19,tony cornish,0
2017-11-19,trent franks,1
2017-11-19,warren moon,0
2017-11-19,wes goodman,0
2017-11-20,al franken,168
2017-11-20,andy dick,0
2017-11-20,blake farenthold,0
2017-11-20,brett ratner,3
2017-11-20,charlie rose,18
2017-11-20,danny masterson,0
2017-11-20,dustin hoffman,0
2017-11-20,garrison keillor,0
2017-11-20,gary goddard,0
2017-11-20,george takei,0
2017-11-20,glenn thrush,2
2017-11-20,harvey weinstein,12
2017-11-20,james levine,0
2017-11-20,james toback,0
2017-11-20,jann wenner,0
2017-11-20,jeff clemens,0
2017-11-20,jeffrey tambor,6
2017-11-20,jeremy piven,0
2017-11-20,john conyers,0
2017-11-20,john lasseter,0
2017-11-20,josh besh,0
2017-11-20,ken baker,0
2017-11-20,kevin spacey,4
2017-11-20,leon wieseltier,0
2017-11-20,louis ck,0
2017-11-20,mark halperin,1
2017-11-20,matt lauer,0
2017-11-20,matt zimmerman,0
2017-11-20,matthew weiner,0
2017-11-20,michael fallon,0
2017-11-20,michael oreskes,0
2017-11-20,nick carter,0
2017-11-20,richard dreyfuss,0
2017-11-20,robert scoble,0
2017-11-20,roy moore,604
2017-11-20,ruben kihuen,0
2017-11-20,russell simmons,9
2017-11-20,sepp blatter,0
2017-11-20,steven seagal,0
2017-11-20,terry richardson,0
2017-11-20,tom sizemore,0
2017-11-20,tony cornish,0
2017-11-20,trent franks,0
2017-11-20,warren moon,0
2017-11-20,wes goodman,0
2017-11-21,al franken,164
2017-11-21,andy dick,0
2017-11-21,blake farenthold,0
2017-11-21,brett ratner,0
2017-11-21,charlie rose,285
2017-11-21,danny masterson,0
2017-11-21,dustin hoffman,0
2017-11-21,garrison keillor,0
2017-11-21,gary goddard,0
2017-11-21,george takei,0
2017-11-21,glenn thrush,31
2017-11-21,harvey weinstein,38
2017-11-21,james levine,0
2017-11-21,james toback,1
2017-11-21,jann wenner,0
2017-11-21,jeff clemens,0
2017-11-21,jeffrey tambor,0
2017-11-21,jeremy piven,0
2017-11-21,john conyers,76
2017-11-21,john lasseter,2
2017-11-21,josh besh,0
2017-11-21,ken baker,0
2017-11-21,kevin spacey,8
2017-11-21,leon wieseltier,0
2017-11-21,louis ck,3
2017-11-21,mark halperin,3
2017-11-21,matt lauer,0
2017-11-21,matt zimmerman,0
2017-11-21,matthew weiner,0
2017-11-21,michael fallon,0
2017-11-21,michael oreskes,0
2017-11-21,nick carter,0
2017-11-21,richard dreyfuss,0
2017-11-21,robert scoble,0
2017-11-21,roy moore,764
2017-11-21,ruben kihuen,0
2017-11-21,russell simmons,0
2017-11-21,sepp blatter,0
2017-11-21,steven seagal,0
2017-11-21,terry richardson,0
2017-11-21,tom sizemore,0
2017-11-21,tony cornish,0
2017-11-21,trent franks,0
2017-11-21,warren moon,0
2017-11-21,wes goodman,0
2017-11-22,al franken,90
2017-11-22,andy dick,0
2017-11-22,blake farenthold,0
2017-11-22,brett ratner,0
2017-11-22,charlie rose,145
2017-11-22,danny masterson,0
2017-11-22,dustin hoffman,0
2017-11-22,garrison keillor,0
2017-11-22,gary goddard,0
2017-11-22,george takei,0
2017-11-22,glenn thrush,3
2017-11-22,harvey weinstein,26
2017-11-22,james levine,0
2017-11-22,james toback,0
2017-11-22,jann wenner,0
2017-11-22,jeff clemens,0
2017-11-22,jeffrey tambor,0
2017-11-22,jeremy piven,0
2017-11-22,john conyers,187
2017-11-22,john lasseter,8
2017-11-22,josh besh,0
2017-11-22,ken baker,0
2017-11-22,kevin spacey,8
2017-11-22,leon wieseltier,0
2017-11-22,louis ck,0
2017-11-22,mark halperin,4
2017-11-22,matt lauer,0
2017-11-22,matt zimmerman,0
2017-11-22,matthew weiner,0
2017-11-22,michael fallon,0
2017-11-22,michael oreskes,0
2017-11-22,nick carter,0
2017-11-22,richard dreyfuss,0
2017-11-22,robert scoble,0
2017-11-22,roy moore,996
2017-11-22,ruben kihuen,0
2017-11-22,russell simmons,0
2017-11-22,sepp blatter,0
2017-11-22,steven seagal,0
2017-11-22,terry richardson,0
2017-11-22,tom sizemore,0
2017-11-22,tony cornish,0
2017-11-22,trent franks,0
2017-11-22,warren moon,0
2017-11-22,wes goodman,0
2017-11-23,al franken,81
2017-11-23,andy dick,0
2017-11-23,blake farenthold,0
2017-11-23,brett ratner,0
2017-11-23,charlie rose,10
2017-11-23,danny masterson,0
2017-11-23,dustin hoffman,0
2017-11-23,garrison keillor,0
2017-11-23,gary goddard,0
2017-11-23,george takei,0
2017-11-23,glenn thrush,0
2017-11-23,harvey weinstein,12
2017-11-23,james levine,0
2017-11-23,james toback,0
2017-11-23,jann wenner,0
2017-11-23,jeff clemens,0
2017-11-23,jeffrey tambor,0
2017-11-23,jeremy piven,0
2017-11-23,john conyers,80
2017-11-23,john lasseter,3
2017-11-23,josh besh,0
2017-11-23,ken baker,0
2017-11-23,kevin spacey,4
2017-11-23,leon wieseltier,0
2017-11-23,louis ck,0
2017-11-23,mark halperin,0
2017-11-23,matt lauer,1
2017-11-23,matt zimmerman,0
2017-11-23,matthew weiner,0
2017-11-23,michael fallon,0
2017-11-23,michael oreskes,0
2017-11-23,nick carter,1
2017-11-23,richard dreyfuss,0
2017-11-23,robert scoble,0
2017-11-23,roy moore,369
2017-11-23,ruben kihuen,0
2017-11-23,russell simmons,1
2017-11-23,sepp blatter,0
2017-11-23,steven seagal,0
2017-11-23,terry richardson,0
2017-11-23,tom sizemore,0
2017-11-23,tony cornish,0
2017-11-23,trent franks,1
2017-11-23,warren moon,0
2017-11-23,wes goodman,0
2017-11-24,al franken,99
2017-11-24,andy dick,0
2017-11-24,blake farenthold,0
2017-11-24,brett ratner,0
2017-11-24,charlie rose,7
2017-11-24,danny masterson,0
2017-11-24,dustin hoffman,1
2017-11-24,garrison keillor,0
2017-11-24,gary goddard,0
2017-11-24,george takei,0
2017-11-24,glenn thrush,0
2017-11-24,harvey weinstein,17
2017-11-24,james levine,0
2017-11-24,james toback,0
2017-11-24,jann wenner,0
2017-11-24,jeff clemens,0
2017-11-24,jeffrey tambor,0
2017-11-24,jeremy piven,0
2017-11-24,john conyers,40
2017-11-24,john lasseter,0
2017-11-24,josh besh,0
2017-11-24,ken baker,0
2017-11-24,kevin spacey,0
2017-11-24,leon wieseltier,0
2017-11-24,louis ck,0
2017-11-24,mark halperin,2
2017-11-24,matt lauer,0
2017-11-24,matt zimmerman,0
2017-11-24,matthew weiner,0
2017-11-24,michael fallon,0
2017-11-24,michael oreskes,0
2017-11-24,nick carter,0
2017-11-24,richard dreyfuss,0
2017-11-24,robert scoble,0
2017-11-24,roy moore,167
2017-11-24,ruben kihuen,0
2017-11-24,russell simmons,0
2017-11-24,sepp blatter,0
2017-11-24,steven seagal,0
2017-11-24,terry richardson,0
2017-11-24,tom sizemore,0
2017-11-24,tony cornish,0
2017-11-24,trent franks,0
2017-11-24,warren moon,0
2017-11-24,wes goodman,0
2017-11-25,al franken,66
2017-11-25,andy dick,0
2017-11-25,blake farenthold,0
2017-11-25,brett ratner,0
2017-11-25,charlie rose,13
2017-11-25,danny masterson,0
2017-11-25,dustin hoffman,0
2017-11-25,garrison keillor,0
2017-11-25,gary goddard,0
2017-11-25,george takei,0
2017-11-25,glenn thrush,5
2017-11-25,harvey weinstein,13
2017-11-25,james levine,0
2017-11-25,james toback,0
2017-11-25,jann wenner,0
2017-11-25,jeff clemens,0
2017-11-25,jeffrey tambor,0
2017-11-25,jeremy piven,0
2017-11-25,john conyers,27
2017-11-25,john lasseter,0
2017-11-25,josh besh,0
2017-11-25,ken baker,0
2017-11-25,kevin spacey,0
2017-11-25,leon wieseltier,0
2017-11-25,louis ck,1
2017-11-25,mark halperin,0
2017-11-25,matt lauer,0
2017-11-25,matt zimmerman,0
2017-11-25,matthew weiner,0
2017-11-25,michael fallon,0
2017-11-25,michael oreskes,0
2017-11-25,nick carter,0
2017-11-25,richard dreyfuss,0
2017-11-25,robert scoble,0
2017-11-25,roy moore,192
2017-11-25,ruben kihuen,0
2017-11-25,russell simmons,0
2017-11-25,sepp blatter,0
2017-11-25,steven seagal,0
2017-11-25,terry richardson,0
2017-11-25,tom sizemore,0
2017-11-25,tony cornish,0
2017-11-25,trent franks,0
2017-11-25,warren moon,0
2017-11-25,wes goodman,0
2017-11-26,al franken,94
2017-11-26,andy dick,0
2017-11-26,blake farenthold,0
2017-11-26,brett ratner,0
2017-11-26,charlie rose,24
2017-11-26,danny masterson,0
2017-11-26,dustin hoffman,0
2017-11-26,garrison keillor,0
2017-11-26,gary goddard,0
2017-11-26,george takei,0
2017-11-26,glenn thrush,2
2017-11-26,harvey weinstein,14
2017-11-26,james levine,0
2017-11-26,james toback,0
2017-11-26,jann wenner,0
2017-11-26,jeff clemens,0
2017-11-26,jeffrey tambor,0
2017-11-26,jeremy piven,0
2017-11-26,john conyers,57
2017-11-26,john lasseter,0
2017-11-26,josh besh,0
2017-11-26,ken baker,0
2017-11-26,kevin spacey,3
2017-11-26,leon wieseltier,0
2017-11-26,louis ck,1
2017-11-26,mark halperin,2
2017-11-26,matt lauer,0
2017-11-26,matt zimmerman,0
2017-11-26,matthew weiner,0
2017-11-26,michael fallon,0
2017-11-26,michael oreskes,0
2017-11-26,nick carter,0
2017-11-26,richard dreyfuss,0
2017-11-26,robert scoble,0
2017-11-26,roy moore,204
2017-11-26,ruben kihuen,0
2017-11-26,russell simmons,0
2017-11-26,sepp blatter,0
2017-11-26,steven seagal,0
2017-11-26,terry richardson,0
2017-11-26,tom sizemore,0
2017-11-26,tony cornish,0
2017-11-26,trent franks,0
2017-11-26,warren moon,0
2017-11-26,wes goodman,0
2017-11-27,al franken,266
2017-11-27,andy dick,0
2017-11-27,blake farenthold,0
2017-11-27,brett ratner,0
2017-11-27,charlie rose,8
2017-11-27,danny masterson,0
2017-11-27,dustin hoffman,0
2017-11-27,garrison keillor,0
2017-11-27,gary goddard,0
2017-11-27,george takei,0
2017-11-27,glenn thrush,0
2017-11-27,harvey weinstein,28
2017-11-27,james levine,0
2017-11-27,james toback,0
2017-11-27,jann wenner,0
2017-11-27,jeff clemens,0
2017-11-27,jeffrey tambor,0
2017-11-27,jeremy piven,0
2017-11-27,john conyers,238
2017-11-27,john lasseter,0
2017-11-27,josh besh,0
2017-11-27,ken baker,0
2017-11-27,kevin spacey,6
2017-11-27,leon wieseltier,0
2017-11-27,louis ck,0
2017-11-27,mark halperin,1
2017-11-27,matt lauer,1
2017-11-27,matt zimmerman,0
2017-11-27,matthew weiner,0
2017-11-27,michael fallon,0
2017-11-27,michael oreskes,0
2017-11-27,nick carter,0
2017-11-27,richard dreyfuss,0
2017-11-27,robert scoble,0
2017-11-27,roy moore,411
2017-11-27,ruben kihuen,0
2017-11-27,russell simmons,0
2017-11-27,sepp blatter,0
2017-11-27,steven seagal,0
2017-11-27,terry richardson,0
2017-11-27,tom sizemore,0
2017-11-27,tony cornish,0
2017-11-27,trent franks,0
2017-11-27,warren moon,0
2017-11-27,wes goodman,0
2017-11-28,al franken,53
2017-11-28,andy dick,0
2017-11-28,blake farenthold,0
2017-11-28,brett ratner,0
2017-11-28,charlie rose,5
2017-11-28,danny masterson,0
2017-11-28,dustin hoffman,0
2017-11-28,garrison keillor,0
2017-11-28,gary goddard,0
2017-11-28,george takei,0
2017-11-28,glenn thrush,0
2017-11-28,harvey weinstein,11
2017-11-28,james levine,0
2017-11-28,james toback,0
2017-11-28,jann wenner,0
2017-11-28,jeff clemens,0
2017-11-28,jeffrey tambor,0
2017-11-28,jeremy piven,0
2017-11-28,john conyers,134
2017-11-28,john lasseter,0
2017-11-28,josh besh,0
2017-11-28,ken baker,0
2017-11-28,kevin spacey,0
2017-11-28,leon wieseltier,0
2017-11-28,louis ck,3
2017-11-28,mark halperin,1
2017-11-28,matt lauer,0
2017-11-28,matt zimmerman,0
2017-11-28,matthew weiner,0
2017-11-28,michael fallon,0
2017-11-28,michael oreskes,0
2017-11-28,nick carter,0
2017-11-28,richard dreyfuss,0
2017-11-28,robert scoble,0
2017-11-28,roy moore,258
2017-11-28,ruben kihuen,0
2017-11-28,russell simmons,0
2017-11-28,sepp blatter,0
2017-11-28,steven seagal,0
2017-11-28,terry richardson,0
2017-11-28,tom sizemore,0
2017-11-28,tony cornish,0
2017-11-28,trent franks,0
2017-11-28,warren moon,0
2017-11-28,wes goodman,0
2017-11-29,al franken,30
2017-11-29,andy dick,0
2017-11-29,blake farenthold,0
2017-11-29,brett ratner,0
2017-11-29,charlie rose,43
2017-11-29,danny masterson,0
2017-11-29,dustin hoffman,0
2017-11-29,garrison keillor,10
2017-11-29,gary goddard,0
2017-11-29,george takei,0
2017-11-29,glenn thrush,0
2017-11-29,harvey weinstein,35
2017-11-29,james levine,0
2017-11-29,james toback,0
2017-11-29,jann wenner,0
2017-11-29,jeff clemens,0
2017-11-29,jeffrey tambor,0
2017-11-29,jeremy piven,0
2017-11-29,john conyers,115
2017-11-29,john lasseter,0
2017-11-29,josh besh,0
2017-11-29,ken baker,0
2017-11-29,kevin spacey,3
2017-11-29,leon wieseltier,0
2017-11-29,louis ck,0
2017-11-29,mark halperin,3
2017-11-29,matt lauer,299
2017-11-29,matt zimmerman,1
2017-11-29,matthew weiner,0
2017-11-29,michael fallon,0
2017-11-29,michael oreskes,0
2017-11-29,nick carter,0
2017-11-29,richard dreyfuss,0
2017-11-29,robert scoble,0
2017-11-29,roy moore,120
2017-11-29,ruben kihuen,0
2017-11-29,russell simmons,0
2017-11-29,sepp blatter,0
2017-11-29,steven seagal,0
2017-11-29,terry richardson,0
2017-11-29,tom sizemore,0
2017-11-29,tony cornish,0
2017-11-29,trent franks,2
2017-11-29,warren moon,0
2017-11-29,wes goodman,0
2017-11-30,al franken,75
2017-11-30,andy dick,0
2017-11-30,blake farenthold,0
2017-11-30,brett ratner,0
2017-11-30,charlie rose,51
2017-11-30,danny masterson,0
2017-11-30,dustin hoffman,2
2017-11-30,garrison keillor,12
2017-11-30,gary goddard,0
2017-11-30,george takei,0
2017-11-30,glenn thrush,4
2017-11-30,harvey weinstein,52
2017-11-30,james levine,0
2017-11-30,james toback,0
2017-11-30,jann wenner,0
2017-11-30,jeff clemens,0
2017-11-30,jeffrey tambor,0
2017-11-30,jeremy piven,0
2017-11-30,john conyers,154
2017-11-30,john lasseter,0
2017-11-30,josh besh,0
2017-11-30,ken baker,0
2017-11-30,kevin spacey,6
2017-11-30,leon wieseltier,0
2017-11-30,louis ck,3
2017-11-30,mark halperin,5
2017-11-30,matt lauer,405
2017-11-30,matt zimmerman,2
2017-11-30,matthew weiner,0
2017-11-30,michael fallon,0
2017-11-30,michael oreskes,0
2017-11-30,nick carter,0
2017-11-30,richard dreyfuss,0
2017-11-30,robert scoble,0
2017-11-30,roy moore,100
2017-11-30,ruben kihuen,0
2017-11-30,russell simmons,14
2017-11-30,sepp blatter,0
2017-11-30,steven seagal,0
2017-11-30,terry richardson,0
2017-11-30,tom sizemore,0
2017-11-30,tony cornish,0
2017-11-30,trent franks,0
2017-11-30,warren moon,0
2017-11-30,wes goodman,0
2017-12-01,al franken,49
2017-12-01,andy dick,0
2017-12-01,blake farenthold,3
2017-12-01,brett ratner,0
2017-12-01,charlie rose,7
2017-12-01,danny masterson,0
2017-12-01,dustin hoffman,0
2017-12-01,garrison keillor,1
2017-12-01,gary goddard,0
2017-12-01,george takei,0
2017-12-01,glenn thrush,0
2017-12-01,harvey weinstein,11
2017-12-01,james levine,0
2017-12-01,james toback,0
2017-12-01,jann wenner,0
2017-12-01,jeff clemens,0
2017-12-01,jeffrey tambor,0
2017-12-01,jeremy piven,0
2017-12-01,john conyers,73
2017-12-01,john lasseter,0
2017-12-01,josh besh,0
2017-12-01,ken baker,0
2017-12-01,kevin spacey,0
2017-12-01,leon wieseltier,0
2017-12-01,louis ck,0
2017-12-01,mark halperin,0
2017-12-01,matt lauer,77
2017-12-01,matt zimmerman,0
2017-12-01,matthew weiner,0
2017-12-01,michael fallon,0
2017-12-01,michael oreskes,0
2017-12-01,nick carter,0
2017-12-01,richard dreyfuss,0
2017-12-01,robert scoble,0
2017-12-01,roy moore,71
2017-12-01,ruben kihuen,0
2017-12-01,russell simmons,1
2017-12-01,sepp blatter,0
2017-12-01,steven seagal,0
2017-12-01,terry richardson,0
2017-12-01,tom sizemore,0
2017-12-01,tony cornish,0
2017-12-01,trent franks,0
2017-12-01,warren moon,0
2017-12-01,wes goodman,0
2017-12-02,al franken,12
2017-12-02,andy dick,0
2017-12-02,blake farenthold,1
2017-12-02,brett ratner,0
2017-12-02,charlie rose,7
2017-12-02,danny masterson,0
2017-12-02,dustin hoffman,0
2017-12-02,garrison keillor,0
2017-12-02,gary goddard,0
2017-12-02,george takei,0
2017-12-02,glenn thrush,0
2017-12-02,harvey weinstein,6
2017-12-02,james levine,0
2017-12-02,james toback,0
2017-12-02,jann wenner,0
2017-12-02,jeff clemens,0
2017-12-02,jeffrey tambor,0
2017-12-02,jeremy piven,0
2017-12-02,john conyers,23
2017-12-02,john lasseter,0
2017-12-02,josh besh,0
2017-12-02,ken baker,0
2017-12-02,kevin spacey,0
2017-12-02,leon wieseltier,0
2017-12-02,louis ck,0
2017-12-02,mark halperin,0
2017-12-02,matt lauer,30
2017-12-02,matt zimmerman,0
2017-12-02,matthew weiner,0
2017-12-02,michael fallon,0
2017-12-02,michael oreskes,0
2017-12-02,nick carter,0
2017-12-02,richard dreyfuss,0
2017-12-02,robert scoble,0
2017-12-02,roy moore,75
2017-12-02,ruben kihuen,1
2017-12-02,russell simmons,0
2017-12-02,sepp blatter,0
2017-12-02,steven seagal,0
2017-12-02,terry richardson,0
2017-12-02,tom sizemore,0
2017-12-02,tony cornish,0
2017-12-02,trent franks,0
2017-12-02,warren moon,0
2017-12-02,wes goodman,0
2017-12-03,al franken,22
2017-12-03,andy dick,0
2017-12-03,blake farenthold,1
2017-12-03,brett ratner,0
2017-12-03,charlie rose,6
2017-12-03,danny masterson,0
2017-12-03,dustin hoffman,0
2017-12-03,garrison keillor,1
2017-12-03,gary goddard,0
2017-12-03,george takei,0
2017-12-03,glenn thrush,0
2017-12-03,harvey weinstein,9
2017-12-03,james levine,0
2017-12-03,james toback,0
2017-12-03,jann wenner,0
2017-12-03,jeff clemens,0
2017-12-03,jeffrey tambor,0
2017-12-03,jeremy piven,0
2017-12-03,john conyers,12
2017-12-03,john lasseter,0
2017-12-03,josh besh,0
2017-12-03,ken baker,0
2017-12-03,kevin spacey,1
2017-12-03,leon wieseltier,0
2017-12-03,louis ck,0
2017-12-03,mark halperin,2
2017-12-03,matt lauer,35
2017-12-03,matt zimmerman,0
2017-12-03,matthew weiner,0
2017-12-03,michael fallon,0
2017-12-03,michael oreskes,0
2017-12-03,nick carter,0
2017-12-03,richard dreyfuss,0
2017-12-03,robert scoble,0
2017-12-03,roy moore,82
2017-12-03,ruben kihuen,0
2017-12-03,russell simmons,0
2017-12-03,sepp blatter,0
2017-12-03,steven seagal,0
2017-12-03,terry richardson,0
2017-12-03,tom sizemore,0
2017-12-03,tony cornish,0
2017-12-03,trent franks,2
2017-12-03,warren moon,0
2017-12-03,wes goodman,0
2017-12-04,al franken,17
2017-12-04,andy dick,0
2017-12-04,blake farenthold,1
2017-12-04,brett ratner,0
2017-12-04,charlie rose,2
2017-12-04,danny masterson,0
2017-12-04,dustin hoffman,0
2017-12-04,garrison keillor,0
2017-12-04,gary goddard,0
2017-12-04,george takei,0
2017-12-04,glenn thrush,0
2017-12-04,harvey weinstein,5
2017-12-04,james levine,14
2017-12-04,james toback,0
2017-12-04,jann wenner,0
2017-12-04,jeff clemens,0
2017-12-04,jeffrey tambor,0
2017-12-04,jeremy piven,0
2017-12-04,john conyers,20
2017-12-04,john lasseter,0
2017-12-04,josh besh,0
2017-12-04,ken baker,0
2017-12-04,kevin spacey,3
2017-12-04,leon wieseltier,0
2017-12-04,louis ck,0
2017-12-04,mark halperin,0
2017-12-04,matt lauer,19
2017-12-04,matt zimmerman,0
2017-12-04,matthew weiner,0
2017-12-04,michael fallon,0
2017-12-04,michael oreskes,0
2017-12-04,nick carter,0
2017-12-04,richard dreyfuss,0
2017-12-04,robert scoble,0
2017-12-04,roy moore,249
2017-12-04,ruben kihuen,0
2017-12-04,russell simmons,0
2017-12-04,sepp blatter,0
2017-12-04,steven seagal,0
2017-12-04,terry richardson,0
2017-12-04,tom sizemore,0
2017-12-04,tony cornish,0
2017-12-04,trent franks,0
2017-12-04,warren moon,0
2017-12-04,wes goodman,0
2017-12-05,al franken,40
2017-12-05,andy dick,0
2017-12-05,blake farenthold,2
2017-12-05,brett ratner,1
2017-12-05,charlie rose,1
2017-12-05,danny masterson,1
2017-12-05,dustin hoffman,0
2017-12-05,garrison keillor,0
2017-12-05,gary goddard,0
2017-12-05,george takei,0
2017-12-05,glenn thrush,0
2017-12-05,harvey weinstein,7
2017-12-05,james levine,0
2017-12-05,james toback,0
2017-12-05,jann wenner,0
2017-12-05,jeff clemens,0
2017-12-05,jeffrey tambor,0
2017-12-05,jeremy piven,0
2017-12-05,john conyers,141
2017-12-05,john lasseter,0
2017-12-05,josh besh,0
2017-12-05,ken baker,0
2017-12-05,kevin spacey,11
2017-12-05,leon wieseltier,0
2017-12-05,louis ck,0
2017-12-05,mark halperin,0
2017-12-05,matt lauer,6
2017-12-05,matt zimmerman,0
2017-12-05,matthew weiner,0
2017-12-05,michael fallon,0
2017-12-05,michael oreskes,0
2017-12-05,nick carter,0
2017-12-05,richard dreyfuss,0
2017-12-05,robert scoble,0
2017-12-05,roy moore,590
2017-12-05,ruben kihuen,0
2017-12-05,russell simmons,0
2017-12-05,sepp blatter,0
2017-12-05,steven seagal,0
2017-12-05,terry richardson,0
2017-12-05,tom sizemore,0
2017-12-05,tony cornish,0
2017-12-05,trent franks,0
2017-12-05,warren moon,0
2017-12-05,wes goodman,0
2017-12-06,al franken,192
2017-12-06,andy dick,0
2017-12-06,blake farenthold,1
2017-12-06,brett ratner,2
2017-12-06,charlie rose,3
2017-12-06,danny masterson,0
2017-12-06,dustin hoffman,0
2017-12-06,garrison keillor,0
2017-12-06,gary goddard,0
2017-12-06,george takei,0
2017-12-06,glenn thrush,0
2017-12-06,harvey weinstein,28
2017-12-06,james levine,0
2017-12-06,james toback,0
2017-12-06,jann wenner,0
2017-12-06,jeff clemens,0
2017-12-06,jeffrey tambor,0
2017-12-06,jeremy piven,0
2017-12-06,john conyers,84
2017-12-06,john lasseter,0
2017-12-06,josh besh,0
2017-12-06,ken baker,0
2017-12-06,kevin spacey,2
2017-12-06,leon wieseltier,0
2017-12-06,louis ck,2
2017-12-06,mark halperin,0
2017-12-06,matt lauer,8
2017-12-06,matt zimmerman,0
2017-12-06,matthew weiner,0
2017-12-06,michael fallon,0
2017-12-06,michael oreskes,0
2017-12-06,nick carter,0
2017-12-06,richard dreyfuss,0
2017-12-06,robert scoble,0
2017-12-06,roy moore,574
2017-12-06,ruben kihuen,0
2017-12-06,russell simmons,0
2017-12-06,sepp blatter,0
2017-12-06,steven seagal,0
2017-12-06,terry richardson,0
2017-12-06,tom sizemore,0
2017-12-06,tony cornish,0
2017-12-06,trent franks,0
2017-12-06,warren moon,0
2017-12-06,wes goodman,0
2017-12-07,al franken,477
2017-12-07,andy dick,0
2017-12-07,blake farenthold,7
2017-12-07,brett ratner,0
2017-12-07,charlie rose,2
2017-12-07,danny masterson,0
2017-12-07,dustin hoffman,0
2017-12-07,garrison keillor,0
2017-12-07,gary goddard,0
2017-12-07,george takei,0
2017-12-07,glenn thrush,0
2017-12-07,harvey weinstein,18
2017-12-07,james levine,0
2017-12-07,james toback,0
2017-12-07,jann wenner,0
2017-12-07,jeff clemens,0
2017-12-07,jeffrey tambor,0
2017-12-07,jeremy piven,0
2017-12-07,john conyers,57
2017-12-07,john lasseter,0
2017-12-07,josh besh,0
2017-12-07,ken baker,0
2017-12-07,kevin spacey,2
2017-12-07,leon wieseltier,0
2017-12-07,louis ck,1
2017-12-07,mark halperin,0
2017-12-07,matt lauer,3
2017-12-07,matt zimmerman,0
2017-12-07,matthew weiner,0
2017-12-07,michael fallon,0
2017-12-07,michael oreskes,0
2017-12-07,nick carter,0
2017-12-07,richard dreyfuss,0
2017-12-07,robert scoble,0
2017-12-07,roy moore,424
2017-12-07,ruben kihuen,1
2017-12-07,russell simmons,0
2017-12-07,sepp blatter,0
2017-12-07,steven seagal,0
2017-12-07,terry richardson,0
2017-12-07,tom sizemore,0
2017-12-07,tony cornish,0
2017-12-07,trent franks,13
2017-12-07,warren moon,1
2017-12-07,wes goodman,0
