date,name,value,max,max_name
2017-10-01T05:00:00Z,harvey weinstein,0,NA,
2017-10-02T05:00:00Z,harvey weinstein,0,NA,
2017-10-03T05:00:00Z,harvey weinstein,0,NA,
2017-10-04T05:00:00Z,harvey weinstein,0,NA,
2017-10-05T05:00:00Z,harvey weinstein,2,NA,
2017-10-06T05:00:00Z,harvey weinstein,5,NA,
2017-10-07T05:00:00Z,harvey weinstein,4,NA,
2017-10-08T05:00:00Z,harvey weinstein,4,NA,
2017-10-09T05:00:00Z,harvey weinstein,8,NA,
2017-10-10T05:00:00Z,harvey weinstein,14,NA,
2017-10-11T05:00:00Z,harvey weinstein,20,20,Harvey Weinstein
2017-10-12T05:00:00Z,harvey weinstein,14,NA,
2017-10-13T05:00:00Z,harvey weinstein,9,NA,
2017-10-14T05:00:00Z,harvey weinstein,8,NA,
2017-10-15T05:00:00Z,harvey weinstein,8,NA,
2017-10-16T05:00:00Z,harvey weinstein,7,NA,
2017-10-17T05:00:00Z,harvey weinstein,5,NA,
2017-10-18T05:00:00Z,harvey weinstein,3,NA,
2017-10-19T05:00:00Z,harvey weinstein,2,NA,
2017-10-20T05:00:00Z,harvey weinstein,3,NA,
2017-10-21T05:00:00Z,harvey weinstein,2,NA,
2017-10-22T05:00:00Z,harvey weinstein,2,NA,
2017-10-23T05:00:00Z,harvey weinstein,1,NA,
2017-10-24T05:00:00Z,harvey weinstein,1,NA,
2017-10-25T05:00:00Z,harvey weinstein,1,NA,
2017-10-26T05:00:00Z,harvey weinstein,2,NA,
2017-10-27T05:00:00Z,harvey weinstein,1,NA,
2017-10-28T05:00:00Z,harvey weinstein,1,NA,
2017-10-29T05:00:00Z,harvey weinstein,1,NA,
2017-10-30T05:00:00Z,harvey weinstein,1,NA,
2017-10-31T05:00:00Z,harvey weinstein,1,NA,
2017-11-01T05:00:00Z,harvey weinstein,1,NA,
2017-11-02T05:00:00Z,harvey weinstein,1,NA,
2017-11-03T05:00:00Z,harvey weinstein,1,NA,
2017-11-04T05:00:00Z,harvey weinstein,1,NA,
2017-11-05T05:00:00Z,harvey weinstein,1,NA,
2017-11-06T06:00:00Z,harvey weinstein,1,NA,
2017-11-07T06:00:00Z,harvey weinstein,1,NA,
2017-11-08T06:00:00Z,harvey weinstein,1,NA,
2017-11-09T06:00:00Z,harvey weinstein,1,NA,
2017-11-10T06:00:00Z,harvey weinstein,1,NA,
2017-11-11T06:00:00Z,harvey weinstein,1,NA,
2017-11-12T06:00:00Z,harvey weinstein,0,NA,
2017-11-13T06:00:00Z,harvey weinstein,0,NA,
2017-11-14T06:00:00Z,harvey weinstein,0,NA,
2017-11-15T06:00:00Z,harvey weinstein,0,NA,
2017-11-16T06:00:00Z,harvey weinstein,0,NA,
2017-11-17T06:00:00Z,harvey weinstein,0,NA,
2017-11-18T06:00:00Z,harvey weinstein,0,NA,
2017-11-19T06:00:00Z,harvey weinstein,0,NA,
2017-11-20T06:00:00Z,harvey weinstein,0,NA,
2017-11-21T06:00:00Z,harvey weinstein,0,NA,
2017-11-22T06:00:00Z,harvey weinstein,0,NA,
2017-11-23T06:00:00Z,harvey weinstein,0,NA,
2017-11-24T06:00:00Z,harvey weinstein,1,NA,
2017-11-25T06:00:00Z,harvey weinstein,0,NA,
2017-11-26T06:00:00Z,harvey weinstein,0,NA,
2017-11-27T06:00:00Z,harvey weinstein,0,NA,
2017-11-28T06:00:00Z,harvey weinstein,0,NA,
2017-11-29T06:00:00Z,harvey weinstein,0,NA,
2017-11-30T06:00:00Z,harvey weinstein,0,NA,
2017-12-01T06:00:00Z,harvey weinstein,0,NA,
2017-12-02T06:00:00Z,harvey weinstein,0,NA,
2017-12-03T06:00:00Z,harvey weinstein,0,NA,
2017-12-04T06:00:00Z,harvey weinstein,0,NA,
2017-12-05T06:00:00Z,harvey weinstein,0,NA,
2017-12-06T06:00:00Z,harvey weinstein,1,NA,
2017-12-07T06:00:00Z,harvey weinstein,0,NA,
2017-10-01T05:00:00Z,terry richardson,0,NA,
2017-10-02T05:00:00Z,terry richardson,0,NA,
2017-10-03T05:00:00Z,terry richardson,0,NA,
2017-10-04T05:00:00Z,terry richardson,0,NA,
2017-10-05T05:00:00Z,terry richardson,0,NA,
2017-10-06T05:00:00Z,terry richardson,0,NA,
2017-10-07T05:00:00Z,terry richardson,0,NA,
2017-10-08T05:00:00Z,terry richardson,0,NA,
2017-10-09T05:00:00Z,terry richardson,0,NA,
2017-10-10T05:00:00Z,terry richardson,0,NA,
2017-10-11T05:00:00Z,terry richardson,0,NA,
2017-10-12T05:00:00Z,terry richardson,0,NA,
2017-10-13T05:00:00Z,terry richardson,0,NA,
2017-10-14T05:00:00Z,terry richardson,0,NA,
2017-10-15T05:00:00Z,terry richardson,0,NA,
2017-10-16T05:00:00Z,terry richardson,0,NA,
2017-10-17T05:00:00Z,terry richardson,0,NA,
2017-10-18T05:00:00Z,terry richardson,0,NA,
2017-10-19T05:00:00Z,terry richardson,0,NA,
2017-10-20T05:00:00Z,terry richardson,0,NA,
2017-10-21T05:00:00Z,terry richardson,0,NA,
2017-10-22T05:00:00Z,terry richardson,0,NA,
2017-10-23T05:00:00Z,terry richardson,0,NA,
2017-10-24T05:00:00Z,terry richardson,1,1,Terry Richardson
2017-10-25T05:00:00Z,terry richardson,0,NA,
2017-10-26T05:00:00Z,terry richardson,0,NA,
2017-10-27T05:00:00Z,terry richardson,0,NA,
2017-10-28T05:00:00Z,terry richardson,0,NA,
2017-10-29T05:00:00Z,terry richardson,0,NA,
2017-10-30T05:00:00Z,terry richardson,0,NA,
2017-10-31T05:00:00Z,terry richardson,0,NA,
2017-11-01T05:00:00Z,terry richardson,0,NA,
2017-11-02T05:00:00Z,terry richardson,0,NA,
2017-11-03T05:00:00Z,terry richardson,0,NA,
2017-11-04T05:00:00Z,terry richardson,0,NA,
2017-11-05T05:00:00Z,terry richardson,0,NA,
2017-11-06T06:00:00Z,terry richardson,0,NA,
2017-11-07T06:00:00Z,terry richardson,0,NA,
2017-11-08T06:00:00Z,terry richardson,0,NA,
2017-11-09T06:00:00Z,terry richardson,0,NA,
2017-11-10T06:00:00Z,terry richardson,0,NA,
2017-11-11T06:00:00Z,terry richardson,0,NA,
2017-11-12T06:00:00Z,terry richardson,0,NA,
2017-11-13T06:00:00Z,terry richardson,0,NA,
2017-11-14T06:00:00Z,terry richardson,0,NA,
2017-11-15T06:00:00Z,terry richardson,0,NA,
2017-11-16T06:00:00Z,terry richardson,0,NA,
2017-11-17T06:00:00Z,terry richardson,0,NA,
2017-11-18T06:00:00Z,terry richardson,0,NA,
2017-11-19T06:00:00Z,terry richardson,0,NA,
2017-11-20T06:00:00Z,terry richardson,0,NA,
2017-11-21T06:00:00Z,terry richardson,0,NA,
2017-11-22T06:00:00Z,terry richardson,0,NA,
2017-11-23T06:00:00Z,terry richardson,0,NA,
2017-11-24T06:00:00Z,terry richardson,0,NA,
2017-11-25T06:00:00Z,terry richardson,0,NA,
2017-11-26T06:00:00Z,terry richardson,0,NA,
2017-11-27T06:00:00Z,terry richardson,0,NA,
2017-11-28T06:00:00Z,terry richardson,0,NA,
2017-11-29T06:00:00Z,terry richardson,0,NA,
2017-11-30T06:00:00Z,terry richardson,0,NA,
2017-12-01T06:00:00Z,terry richardson,0,NA,
2017-12-02T06:00:00Z,terry richardson,0,NA,
2017-12-03T06:00:00Z,terry richardson,0,NA,
2017-12-04T06:00:00Z,terry richardson,0,NA,
2017-12-05T06:00:00Z,terry richardson,0,NA,
2017-12-06T06:00:00Z,terry richardson,0,NA,
2017-12-07T06:00:00Z,terry richardson,0,NA,
2017-10-01T05:00:00Z,mark halperin,0,NA,
2017-10-02T05:00:00Z,mark halperin,0,NA,
2017-10-03T05:00:00Z,mark halperin,0,NA,
2017-10-04T05:00:00Z,mark halperin,0,NA,
2017-10-05T05:00:00Z,mark halperin,0,NA,
2017-10-06T05:00:00Z,mark halperin,0,NA,
2017-10-07T05:00:00Z,mark halperin,0,NA,
2017-10-08T05:00:00Z,mark halperin,0,NA,
2017-10-09T05:00:00Z,mark halperin,0,NA,
2017-10-10T05:00:00Z,mark halperin,0,NA,
2017-10-11T05:00:00Z,mark halperin,0,NA,
2017-10-12T05:00:00Z,mark halperin,0,NA,
2017-10-13T05:00:00Z,mark halperin,0,NA,
2017-10-14T05:00:00Z,mark halperin,0,NA,
2017-10-15T05:00:00Z,mark halperin,0,NA,
2017-10-16T05:00:00Z,mark halperin,0,NA,
2017-10-17T05:00:00Z,mark halperin,0,NA,
2017-10-18T05:00:00Z,mark halperin,0,NA,
2017-10-19T05:00:00Z,mark halperin,0,NA,
2017-10-20T05:00:00Z,mark halperin,0,NA,
2017-10-21T05:00:00Z,mark halperin,0,NA,
2017-10-22T05:00:00Z,mark halperin,0,NA,
2017-10-23T05:00:00Z,mark halperin,0,NA,
2017-10-24T05:00:00Z,mark halperin,0,NA,
2017-10-25T05:00:00Z,mark halperin,0,NA,
2017-10-26T05:00:00Z,mark halperin,3,3,Mark Halperin
2017-10-27T05:00:00Z,mark halperin,2,NA,
2017-10-28T05:00:00Z,mark halperin,1,NA,
2017-10-29T05:00:00Z,mark halperin,0,NA,
2017-10-30T05:00:00Z,mark halperin,0,NA,
2017-10-31T05:00:00Z,mark halperin,0,NA,
2017-11-01T05:00:00Z,mark halperin,0,NA,
2017-11-02T05:00:00Z,mark halperin,0,NA,
2017-11-03T05:00:00Z,mark halperin,0,NA,
2017-11-04T05:00:00Z,mark halperin,0,NA,
2017-11-05T05:00:00Z,mark halperin,0,NA,
2017-11-06T06:00:00Z,mark halperin,0,NA,
2017-11-07T06:00:00Z,mark halperin,0,NA,
2017-11-08T06:00:00Z,mark halperin,0,NA,
2017-11-09T06:00:00Z,mark halperin,0,NA,
2017-11-10T06:00:00Z,mark halperin,0,NA,
2017-11-11T06:00:00Z,mark halperin,0,NA,
2017-11-12T06:00:00Z,mark halperin,0,NA,
2017-11-13T06:00:00Z,mark halperin,0,NA,
2017-11-14T06:00:00Z,mark halperin,0,NA,
2017-11-15T06:00:00Z,mark halperin,0,NA,
2017-11-16T06:00:00Z,mark halperin,0,NA,
2017-11-17T06:00:00Z,mark halperin,0,NA,
2017-11-18T06:00:00Z,mark halperin,0,NA,
2017-11-19T06:00:00Z,mark halperin,0,NA,
2017-11-20T06:00:00Z,mark halperin,0,NA,
2017-11-21T06:00:00Z,mark halperin,0,NA,
2017-11-22T06:00:00Z,mark halperin,0,NA,
2017-11-23T06:00:00Z,mark halperin,0,NA,
2017-11-24T06:00:00Z,mark halperin,0,NA,
2017-11-25T06:00:00Z,mark halperin,0,NA,
2017-11-26T06:00:00Z,mark halperin,0,NA,
2017-11-27T06:00:00Z,mark halperin,0,NA,
2017-11-28T06:00:00Z,mark halperin,0,NA,
2017-11-29T06:00:00Z,mark halperin,0,NA,
2017-11-30T06:00:00Z,mark halperin,0,NA,
2017-12-01T06:00:00Z,mark halperin,0,NA,
2017-12-02T06:00:00Z,mark halperin,0,NA,
2017-12-03T06:00:00Z,mark halperin,0,NA,
2017-12-04T06:00:00Z,mark halperin,0,NA,
2017-12-05T06:00:00Z,mark halperin,0,NA,
2017-12-06T06:00:00Z,mark halperin,0,NA,
2017-12-07T06:00:00Z,mark halperin,0,NA,
2017-10-01T05:00:00Z,kevin spacey,0,NA,
2017-10-02T05:00:00Z,kevin spacey,0,NA,
2017-10-03T05:00:00Z,kevin spacey,0,NA,
2017-10-04T05:00:00Z,kevin spacey,0,NA,
2017-10-05T05:00:00Z,kevin spacey,0,NA,
2017-10-06T05:00:00Z,kevin spacey,0,NA,
2017-10-07T05:00:00Z,kevin spacey,0,NA,
2017-10-08T05:00:00Z,kevin spacey,0,NA,
2017-10-09T05:00:00Z,kevin spacey,0,NA,
2017-10-10T05:00:00Z,kevin spacey,0,NA,
2017-10-11T05:00:00Z,kevin spacey,0,NA,
2017-10-12T05:00:00Z,kevin spacey,0,NA,
2017-10-13T05:00:00Z,kevin spacey,0,NA,
2017-10-14T05:00:00Z,kevin spacey,0,NA,
2017-10-15T05:00:00Z,kevin spacey,0,NA,
2017-10-16T05:00:00Z,kevin spacey,0,NA,
2017-10-17T05:00:00Z,kevin spacey,0,NA,
2017-10-18T05:00:00Z,kevin spacey,0,NA,
2017-10-19T05:00:00Z,kevin spacey,0,NA,
2017-10-20T05:00:00Z,kevin spacey,0,NA,
2017-10-21T05:00:00Z,kevin spacey,0,NA,
2017-10-22T05:00:00Z,kevin spacey,0,NA,
2017-10-23T05:00:00Z,kevin spacey,0,NA,
2017-10-24T05:00:00Z,kevin spacey,0,NA,
2017-10-25T05:00:00Z,kevin spacey,0,NA,
2017-10-26T05:00:00Z,kevin spacey,0,NA,
2017-10-27T05:00:00Z,kevin spacey,0,NA,
2017-10-28T05:00:00Z,kevin spacey,0,NA,
2017-10-29T05:00:00Z,kevin spacey,0,NA,
2017-10-30T05:00:00Z,kevin spacey,29,29,Kevin Spacey
2017-10-31T05:00:00Z,kevin spacey,18,NA,
2017-11-01T05:00:00Z,kevin spacey,8,NA,
2017-11-02T05:00:00Z,kevin spacey,5,NA,
2017-11-03T05:00:00Z,kevin spacey,6,NA,
2017-11-04T05:00:00Z,kevin spacey,7,NA,
2017-11-05T05:00:00Z,kevin spacey,4,NA,
2017-11-06T06:00:00Z,kevin spacey,3,NA,
2017-11-07T06:00:00Z,kevin spacey,2,NA,
2017-11-08T06:00:00Z,kevin spacey,3,NA,
2017-11-09T06:00:00Z,kevin spacey,6,NA,
2017-11-10T06:00:00Z,kevin spacey,4,NA,
2017-11-11T06:00:00Z,kevin spacey,3,NA,
2017-11-12T06:00:00Z,kevin spacey,2,NA,
2017-11-13T06:00:00Z,kevin spacey,1,NA,
2017-11-14T06:00:00Z,kevin spacey,1,NA,
2017-11-15T06:00:00Z,kevin spacey,1,NA,
2017-11-16T06:00:00Z,kevin spacey,1,NA,
2017-11-17T06:00:00Z,kevin spacey,1,NA,
2017-11-18T06:00:00Z,kevin spacey,1,NA,
2017-11-19T06:00:00Z,kevin spacey,1,NA,
2017-11-20T06:00:00Z,kevin spacey,1,NA,
2017-11-21T06:00:00Z,kevin spacey,1,NA,
2017-11-22T06:00:00Z,kevin spacey,0,NA,
2017-11-23T06:00:00Z,kevin spacey,1,NA,
2017-11-24T06:00:00Z,kevin spacey,0,NA,
2017-11-25T06:00:00Z,kevin spacey,0,NA,
2017-11-26T06:00:00Z,kevin spacey,0,NA,
2017-11-27T06:00:00Z,kevin spacey,0,NA,
2017-11-28T06:00:00Z,kevin spacey,0,NA,
2017-11-29T06:00:00Z,kevin spacey,1,NA,
2017-11-30T06:00:00Z,kevin spacey,1,NA,
2017-12-01T06:00:00Z,kevin spacey,0,NA,
2017-12-02T06:00:00Z,kevin spacey,0,NA,
2017-12-03T06:00:00Z,kevin spacey,0,NA,
2017-12-04T06:00:00Z,kevin spacey,0,NA,
2017-12-05T06:00:00Z,kevin spacey,1,NA,
2017-12-06T06:00:00Z,kevin spacey,0,NA,
2017-12-07T06:00:00Z,kevin spacey,0,NA,
2017-10-01T05:00:00Z,brett ratner,0,NA,
2017-10-02T05:00:00Z,brett ratner,0,NA,
2017-10-03T05:00:00Z,brett ratner,0,NA,
2017-10-04T05:00:00Z,brett ratner,0,NA,
2017-10-05T05:00:00Z,brett ratner,0,NA,
2017-10-06T05:00:00Z,brett ratner,0,NA,
2017-10-07T05:00:00Z,brett ratner,0,NA,
2017-10-08T05:00:00Z,brett ratner,0,NA,
2017-10-09T05:00:00Z,brett ratner,0,NA,
2017-10-10T05:00:00Z,brett ratner,0,NA,
2017-10-11T05:00:00Z,brett ratner,0,NA,
2017-10-12T05:00:00Z,brett ratner,0,NA,
2017-10-13T05:00:00Z,brett ratner,0,NA,
2017-10-14T05:00:00Z,brett ratner,0,NA,
2017-10-15T05:00:00Z,brett ratner,0,NA,
2017-10-16T05:00:00Z,brett ratner,0,NA,
2017-10-17T05:00:00Z,brett ratner,0,NA,
2017-10-18T05:00:00Z,brett ratner,0,NA,
2017-10-19T05:00:00Z,brett ratner,0,NA,
2017-10-20T05:00:00Z,brett ratner,0,NA,
2017-10-21T05:00:00Z,brett ratner,0,NA,
2017-10-22T05:00:00Z,brett ratner,0,NA,
2017-10-23T05:00:00Z,brett ratner,0,NA,
2017-10-24T05:00:00Z,brett ratner,0,NA,
2017-10-25T05:00:00Z,brett ratner,0,NA,
2017-10-26T05:00:00Z,brett ratner,0,NA,
2017-10-27T05:00:00Z,brett ratner,0,NA,
2017-10-28T05:00:00Z,brett ratner,0,NA,
2017-10-29T05:00:00Z,brett ratner,0,NA,
2017-10-30T05:00:00Z,brett ratner,0,NA,
2017-10-31T05:00:00Z,brett ratner,0,NA,
2017-11-01T05:00:00Z,brett ratner,2,NA,
2017-11-02T05:00:00Z,brett ratner,1,NA,
2017-11-03T05:00:00Z,brett ratner,0,NA,
2017-11-04T05:00:00Z,brett ratner,0,NA,
2017-11-05T05:00:00Z,brett ratner,0,NA,
2017-11-06T06:00:00Z,brett ratner,0,NA,
2017-11-07T06:00:00Z,brett ratner,0,NA,
2017-11-08T06:00:00Z,brett ratner,0,NA,
2017-11-09T06:00:00Z,brett ratner,0,NA,
2017-11-10T06:00:00Z,brett ratner,1,NA,
2017-11-11T06:00:00Z,brett ratner,1,NA,
2017-11-12T06:00:00Z,brett ratner,3,3,Brett Ratner
2017-11-13T06:00:00Z,brett ratner,2,NA,
2017-11-14T06:00:00Z,brett ratner,1,NA,
2017-11-15T06:00:00Z,brett ratner,1,NA,
2017-11-16T06:00:00Z,brett ratner,0,NA,
2017-11-17T06:00:00Z,brett ratner,0,NA,
2017-11-18T06:00:00Z,brett ratner,0,NA,
2017-11-19T06:00:00Z,brett ratner,0,NA,
2017-11-20T06:00:00Z,brett ratner,0,NA,
2017-11-21T06:00:00Z,brett ratner,0,NA,
2017-11-22T06:00:00Z,brett ratner,0,NA,
2017-11-23T06:00:00Z,brett ratner,0,NA,
2017-11-24T06:00:00Z,brett ratner,0,NA,
2017-11-25T06:00:00Z,brett ratner,0,NA,
2017-11-26T06:00:00Z,brett ratner,0,NA,
2017-11-27T06:00:00Z,brett ratner,0,NA,
2017-11-28T06:00:00Z,brett ratner,0,NA,
2017-11-29T06:00:00Z,brett ratner,0,NA,
2017-11-30T06:00:00Z,brett ratner,0,NA,
2017-12-01T06:00:00Z,brett ratner,0,NA,
2017-12-02T06:00:00Z,brett ratner,0,NA,
2017-12-03T06:00:00Z,brett ratner,0,NA,
2017-12-04T06:00:00Z,brett ratner,0,NA,
2017-12-05T06:00:00Z,brett ratner,0,NA,
2017-12-06T06:00:00Z,brett ratner,0,NA,
2017-12-07T06:00:00Z,brett ratner,0,NA,
2017-10-01T05:00:00Z,louis ck,0,NA,
2017-10-02T05:00:00Z,louis ck,0,NA,
2017-10-03T05:00:00Z,louis ck,0,NA,
2017-10-04T05:00:00Z,louis ck,0,NA,
2017-10-05T05:00:00Z,louis ck,0,NA,
2017-10-06T05:00:00Z,louis ck,0,NA,
2017-10-07T05:00:00Z,louis ck,0,NA,
2017-10-08T05:00:00Z,louis ck,0,NA,
2017-10-09T05:00:00Z,louis ck,0,NA,
2017-10-10T05:00:00Z,louis ck,0,NA,
2017-10-11T05:00:00Z,louis ck,0,NA,
2017-10-12T05:00:00Z,louis ck,0,NA,
2017-10-13T05:00:00Z,louis ck,0,NA,
2017-10-14T05:00:00Z,louis ck,0,NA,
2017-10-15T05:00:00Z,louis ck,0,NA,
2017-10-16T05:00:00Z,louis ck,0,NA,
2017-10-17T05:00:00Z,louis ck,0,NA,
2017-10-18T05:00:00Z,louis ck,0,NA,
2017-10-19T05:00:00Z,louis ck,0,NA,
2017-10-20T05:00:00Z,louis ck,0,NA,
2017-10-21T05:00:00Z,louis ck,0,NA,
2017-10-22T05:00:00Z,louis ck,0,NA,
2017-10-23T05:00:00Z,louis ck,0,NA,
2017-10-24T05:00:00Z,louis ck,0,NA,
2017-10-25T05:00:00Z,louis ck,0,NA,
2017-10-26T05:00:00Z,louis ck,0,NA,
2017-10-27T05:00:00Z,louis ck,0,NA,
2017-10-28T05:00:00Z,louis ck,0,NA,
2017-10-29T05:00:00Z,louis ck,0,NA,
2017-10-30T05:00:00Z,louis ck,0,NA,
2017-10-31T05:00:00Z,louis ck,0,NA,
2017-11-01T05:00:00Z,louis ck,0,NA,
2017-11-02T05:00:00Z,louis ck,0,NA,
2017-11-03T05:00:00Z,louis ck,0,NA,
2017-11-04T05:00:00Z,louis ck,0,NA,
2017-11-05T05:00:00Z,louis ck,0,NA,
2017-11-06T06:00:00Z,louis ck,0,NA,
2017-11-07T06:00:00Z,louis ck,0,NA,
2017-11-08T06:00:00Z,louis ck,0,NA,
2017-11-09T06:00:00Z,louis ck,6,NA,
2017-11-10T06:00:00Z,louis ck,16,16,Louis CK
2017-11-11T06:00:00Z,louis ck,8,NA,
2017-11-12T06:00:00Z,louis ck,3,NA,
2017-11-13T06:00:00Z,louis ck,2,NA,
2017-11-14T06:00:00Z,louis ck,2,NA,
2017-11-15T06:00:00Z,louis ck,1,NA,
2017-11-16T06:00:00Z,louis ck,1,NA,
2017-11-17T06:00:00Z,louis ck,1,NA,
2017-11-18T06:00:00Z,louis ck,1,NA,
2017-11-19T06:00:00Z,louis ck,0,NA,
2017-11-20T06:00:00Z,louis ck,0,NA,
2017-11-21T06:00:00Z,louis ck,0,NA,
2017-11-22T06:00:00Z,louis ck,0,NA,
2017-11-23T06:00:00Z,louis ck,0,NA,
2017-11-24T06:00:00Z,louis ck,0,NA,
2017-11-25T06:00:00Z,louis ck,0,NA,
2017-11-26T06:00:00Z,louis ck,0,NA,
2017-11-27T06:00:00Z,louis ck,0,NA,
2017-11-28T06:00:00Z,louis ck,0,NA,
2017-11-29T06:00:00Z,louis ck,0,NA,
2017-11-30T06:00:00Z,louis ck,0,NA,
2017-12-01T06:00:00Z,louis ck,0,NA,
2017-12-02T06:00:00Z,louis ck,0,NA,
2017-12-03T06:00:00Z,louis ck,0,NA,
2017-12-04T06:00:00Z,louis ck,0,NA,
2017-12-05T06:00:00Z,louis ck,0,NA,
2017-12-06T06:00:00Z,louis ck,0,NA,
2017-12-07T06:00:00Z,louis ck,0,NA,
2017-10-01T05:00:00Z,roy moore,0,NA,
2017-10-02T05:00:00Z,roy moore,0,NA,
2017-10-03T05:00:00Z,roy moore,0,NA,
2017-10-04T05:00:00Z,roy moore,0,NA,
2017-10-05T05:00:00Z,roy moore,0,NA,
2017-10-06T05:00:00Z,roy moore,0,NA,
2017-10-07T05:00:00Z,roy moore,0,NA,
2017-10-08T05:00:00Z,roy moore,0,NA,
2017-10-09T05:00:00Z,roy moore,0,NA,
2017-10-10T05:00:00Z,roy moore,0,NA,
2017-10-11T05:00:00Z,roy moore,0,NA,
2017-10-12T05:00:00Z,roy moore,0,NA,
2017-10-13T05:00:00Z,roy moore,0,NA,
2017-10-14T05:00:00Z,roy moore,0,NA,
2017-10-15T05:00:00Z,roy moore,0,NA,
2017-10-16T05:00:00Z,roy moore,0,NA,
2017-10-17T05:00:00Z,roy moore,0,NA,
2017-10-18T05:00:00Z,roy moore,0,NA,
2017-10-19T05:00:00Z,roy moore,0,NA,
2017-10-20T05:00:00Z,roy moore,0,NA,
2017-10-21T05:00:00Z,roy moore,0,NA,
2017-10-22T05:00:00Z,roy moore,0,NA,
2017-10-23T05:00:00Z,roy moore,0,NA,
2017-10-24T05:00:00Z,roy moore,0,NA,
2017-10-25T05:00:00Z,roy moore,0,NA,
2017-10-26T05:00:00Z,roy moore,0,NA,
2017-10-27T05:00:00Z,roy moore,0,NA,
2017-10-28T05:00:00Z,roy moore,0,NA,
2017-10-29T05:00:00Z,roy moore,0,NA,
2017-10-30T05:00:00Z,roy moore,0,NA,
2017-10-31T05:00:00Z,roy moore,0,NA,
2017-11-01T05:00:00Z,roy moore,0,NA,
2017-11-02T05:00:00Z,roy moore,0,NA,
2017-11-03T05:00:00Z,roy moore,0,NA,
2017-11-04T05:00:00Z,roy moore,0,NA,
2017-11-05T05:00:00Z,roy moore,0,NA,
2017-11-06T06:00:00Z,roy moore,0,NA,
2017-11-07T06:00:00Z,roy moore,0,NA,
2017-11-08T06:00:00Z,roy moore,0,NA,
2017-11-09T06:00:00Z,roy moore,4,NA,
2017-11-10T06:00:00Z,roy moore,6,6,Roy Moore
2017-11-11T06:00:00Z,roy moore,4,NA,
2017-11-12T06:00:00Z,roy moore,3,NA,
2017-11-13T06:00:00Z,roy moore,5,NA,
2017-11-14T06:00:00Z,roy moore,6,NA,
2017-11-15T06:00:00Z,roy moore,5,NA,
2017-11-16T06:00:00Z,roy moore,5,NA,
2017-11-17T06:00:00Z,roy moore,2,NA,
2017-11-18T06:00:00Z,roy moore,2,NA,
2017-11-19T06:00:00Z,roy moore,2,NA,
2017-11-20T06:00:00Z,roy moore,2,NA,
2017-11-21T06:00:00Z,roy moore,2,NA,
2017-11-22T06:00:00Z,roy moore,2,NA,
2017-11-23T06:00:00Z,roy moore,1,NA,
2017-11-24T06:00:00Z,roy moore,1,NA,
2017-11-25T06:00:00Z,roy moore,1,NA,
2017-11-26T06:00:00Z,roy moore,1,NA,
2017-11-27T06:00:00Z,roy moore,1,NA,
2017-11-28T06:00:00Z,roy moore,1,NA,
2017-11-29T06:00:00Z,roy moore,1,NA,
2017-11-30T06:00:00Z,roy moore,1,NA,
2017-12-01T06:00:00Z,roy moore,1,NA,
2017-12-02T06:00:00Z,roy moore,1,NA,
2017-12-03T06:00:00Z,roy moore,1,NA,
2017-12-04T06:00:00Z,roy moore,2,NA,
2017-12-05T06:00:00Z,roy moore,2,NA,
2017-12-06T06:00:00Z,roy moore,2,NA,
2017-12-07T06:00:00Z,roy moore,2,NA,
2017-10-01T05:00:00Z,al franken,0,NA,
2017-10-02T05:00:00Z,al franken,0,NA,
2017-10-03T05:00:00Z,al franken,0,NA,
2017-10-04T05:00:00Z,al franken,0,NA,
2017-10-05T05:00:00Z,al franken,0,NA,
2017-10-06T05:00:00Z,al franken,0,NA,
2017-10-07T05:00:00Z,al franken,0,NA,
2017-10-08T05:00:00Z,al franken,0,NA,
2017-10-09T05:00:00Z,al franken,0,NA,
2017-10-10T05:00:00Z,al franken,0,NA,
2017-10-11T05:00:00Z,al franken,0,NA,
2017-10-12T05:00:00Z,al franken,0,NA,
2017-10-13T05:00:00Z,al franken,0,NA,
2017-10-14T05:00:00Z,al franken,0,NA,
2017-10-15T05:00:00Z,al franken,0,NA,
2017-10-16T05:00:00Z,al franken,0,NA,
2017-10-17T05:00:00Z,al franken,0,NA,
2017-10-18T05:00:00Z,al franken,0,NA,
2017-10-19T05:00:00Z,al franken,0,NA,
2017-10-20T05:00:00Z,al franken,0,NA,
2017-10-21T05:00:00Z,al franken,0,NA,
2017-10-22T05:00:00Z,al franken,0,NA,
2017-10-23T05:00:00Z,al franken,0,NA,
2017-10-24T05:00:00Z,al franken,0,NA,
2017-10-25T05:00:00Z,al franken,0,NA,
2017-10-26T05:00:00Z,al franken,0,NA,
2017-10-27T05:00:00Z,al franken,0,NA,
2017-10-28T05:00:00Z,al franken,0,NA,
2017-10-29T05:00:00Z,al franken,0,NA,
2017-10-30T05:00:00Z,al franken,0,NA,
2017-10-31T05:00:00Z,al franken,0,NA,
2017-11-01T05:00:00Z,al franken,0,NA,
2017-11-02T05:00:00Z,al franken,0,NA,
2017-11-03T05:00:00Z,al franken,0,NA,
2017-11-04T05:00:00Z,al franken,0,NA,
2017-11-05T05:00:00Z,al franken,0,NA,
2017-11-06T06:00:00Z,al franken,0,NA,
2017-11-07T06:00:00Z,al franken,0,NA,
2017-11-08T06:00:00Z,al franken,0,NA,
2017-11-09T06:00:00Z,al franken,0,NA,
2017-11-10T06:00:00Z,al franken,0,NA,
2017-11-11T06:00:00Z,al franken,0,NA,
2017-11-12T06:00:00Z,al franken,0,NA,
2017-11-13T06:00:00Z,al franken,0,NA,
2017-11-14T06:00:00Z,al franken,0,NA,
2017-11-15T06:00:00Z,al franken,0,NA,
2017-11-16T06:00:00Z,al franken,12,12,Al Franken
2017-11-17T06:00:00Z,al franken,10,NA,
2017-11-18T06:00:00Z,al franken,4,NA,
2017-11-19T06:00:00Z,al franken,2,NA,
2017-11-20T06:00:00Z,al franken,2,NA,
2017-11-21T06:00:00Z,al franken,2,NA,
2017-11-22T06:00:00Z,al franken,1,NA,
2017-11-23T06:00:00Z,al franken,1,NA,
2017-11-24T06:00:00Z,al franken,1,NA,
2017-11-25T06:00:00Z,al franken,0,NA,
2017-11-26T06:00:00Z,al franken,1,NA,
2017-11-27T06:00:00Z,al franken,1,NA,
2017-11-28T06:00:00Z,al franken,0,NA,
2017-11-29T06:00:00Z,al franken,1,NA,
2017-11-30T06:00:00Z,al franken,1,NA,
2017-12-01T06:00:00Z,al franken,0,NA,
2017-12-02T06:00:00Z,al franken,0,NA,
2017-12-03T06:00:00Z,al franken,0,NA,
2017-12-04T06:00:00Z,al franken,0,NA,
2017-12-05T06:00:00Z,al franken,0,NA,
2017-12-06T06:00:00Z,al franken,2,NA,
2017-12-07T06:00:00Z,al franken,8,NA,
2017-10-01T05:00:00Z,richard dreyfuss,0,NA,
2017-10-02T05:00:00Z,richard dreyfuss,0,NA,
2017-10-03T05:00:00Z,richard dreyfuss,0,NA,
2017-10-04T05:00:00Z,richard dreyfuss,0,NA,
2017-10-05T05:00:00Z,richard dreyfuss,0,NA,
2017-10-06T05:00:00Z,richard dreyfuss,0,NA,
2017-10-07T05:00:00Z,richard dreyfuss,0,NA,
2017-10-08T05:00:00Z,richard dreyfuss,0,NA,
2017-10-09T05:00:00Z,richard dreyfuss,0,NA,
2017-10-10T05:00:00Z,richard dreyfuss,0,NA,
2017-10-11T05:00:00Z,richard dreyfuss,0,NA,
2017-10-12T05:00:00Z,richard dreyfuss,0,NA,
2017-10-13T05:00:00Z,richard dreyfuss,0,NA,
2017-10-14T05:00:00Z,richard dreyfuss,0,NA,
2017-10-15T05:00:00Z,richard dreyfuss,0,NA,
2017-10-16T05:00:00Z,richard dreyfuss,0,NA,
2017-10-17T05:00:00Z,richard dreyfuss,0,NA,
2017-10-18T05:00:00Z,richard dreyfuss,0,NA,
2017-10-19T05:00:00Z,richard dreyfuss,0,NA,
2017-10-20T05:00:00Z,richard dreyfuss,0,NA,
2017-10-21T05:00:00Z,richard dreyfuss,0,NA,
2017-10-22T05:00:00Z,richard dreyfuss,0,NA,
2017-10-23T05:00:00Z,richard dreyfuss,0,NA,
2017-10-24T05:00:00Z,richard dreyfuss,0,NA,
2017-10-25T05:00:00Z,richard dreyfuss,0,NA,
2017-10-26T05:00:00Z,richard dreyfuss,0,NA,
2017-10-27T05:00:00Z,richard dreyfuss,0,NA,
2017-10-28T05:00:00Z,richard dreyfuss,0,NA,
2017-10-29T05:00:00Z,richard dreyfuss,0,NA,
2017-10-30T05:00:00Z,richard dreyfuss,0,NA,
2017-10-31T05:00:00Z,richard dreyfuss,0,NA,
2017-11-01T05:00:00Z,richard dreyfuss,0,NA,
2017-11-02T05:00:00Z,richard dreyfuss,0,NA,
2017-11-03T05:00:00Z,richard dreyfuss,0,NA,
2017-11-04T05:00:00Z,richard dreyfuss,0,NA,
2017-11-05T05:00:00Z,richard dreyfuss,1,1,Richard Dreyfuss
2017-11-06T06:00:00Z,richard dreyfuss,0,NA,
2017-11-07T06:00:00Z,richard dreyfuss,0,NA,
2017-11-08T06:00:00Z,richard dreyfuss,0,NA,
2017-11-09T06:00:00Z,richard dreyfuss,0,NA,
2017-11-10T06:00:00Z,richard dreyfuss,0,NA,
2017-11-11T06:00:00Z,richard dreyfuss,1,NA,
2017-11-12T06:00:00Z,richard dreyfuss,0,NA,
2017-11-13T06:00:00Z,richard dreyfuss,0,NA,
2017-11-14T06:00:00Z,richard dreyfuss,0,NA,
2017-11-15T06:00:00Z,richard dreyfuss,0,NA,
2017-11-16T06:00:00Z,richard dreyfuss,0,NA,
2017-11-17T06:00:00Z,richard dreyfuss,0,NA,
2017-11-18T06:00:00Z,richard dreyfuss,0,NA,
2017-11-19T06:00:00Z,richard dreyfuss,0,NA,
2017-11-20T06:00:00Z,richard dreyfuss,0,NA,
2017-11-21T06:00:00Z,richard dreyfuss,0,NA,
2017-11-22T06:00:00Z,richard dreyfuss,0,NA,
2017-11-23T06:00:00Z,richard dreyfuss,0,NA,
2017-11-24T06:00:00Z,richard dreyfuss,0,NA,
2017-11-25T06:00:00Z,richard dreyfuss,0,NA,
2017-11-26T06:00:00Z,richard dreyfuss,0,NA,
2017-11-27T06:00:00Z,richard dreyfuss,0,NA,
2017-11-28T06:00:00Z,richard dreyfuss,0,NA,
2017-11-29T06:00:00Z,richard dreyfuss,0,NA,
2017-11-30T06:00:00Z,richard dreyfuss,0,NA,
2017-12-01T06:00:00Z,richard dreyfuss,0,NA,
2017-12-02T06:00:00Z,richard dreyfuss,0,NA,
2017-12-03T06:00:00Z,richard dreyfuss,0,NA,
2017-12-04T06:00:00Z,richard dreyfuss,0,NA,
2017-12-05T06:00:00Z,richard dreyfuss,0,NA,
2017-12-06T06:00:00Z,richard dreyfuss,0,NA,
2017-12-07T06:00:00Z,richard dreyfuss,0,NA,
2017-10-01T05:00:00Z,gary goddard,0,NA,
2017-10-02T05:00:00Z,gary goddard,0,NA,
2017-10-03T05:00:00Z,gary goddard,0,NA,
2017-10-04T05:00:00Z,gary goddard,0,NA,
2017-10-05T05:00:00Z,gary goddard,0,NA,
2017-10-06T05:00:00Z,gary goddard,0,NA,
2017-10-07T05:00:00Z,gary goddard,0,NA,
2017-10-08T05:00:00Z,gary goddard,0,NA,
2017-10-09T05:00:00Z,gary goddard,0,NA,
2017-10-10T05:00:00Z,gary goddard,0,NA,
2017-10-11T05:00:00Z,gary goddard,0,NA,
2017-10-12T05:00:00Z,gary goddard,0,NA,
2017-10-13T05:00:00Z,gary goddard,0,NA,
2017-10-14T05:00:00Z,gary goddard,0,NA,
2017-10-15T05:00:00Z,gary goddard,0,NA,
2017-10-16T05:00:00Z,gary goddard,0,NA,
2017-10-17T05:00:00Z,gary goddard,0,NA,
2017-10-18T05:00:00Z,gary goddard,0,NA,
2017-10-19T05:00:00Z,gary goddard,0,NA,
2017-10-20T05:00:00Z,gary goddard,0,NA,
2017-10-21T05:00:00Z,gary goddard,0,NA,
2017-10-22T05:00:00Z,gary goddard,0,NA,
2017-10-23T05:00:00Z,gary goddard,0,NA,
2017-10-24T05:00:00Z,gary goddard,0,NA,
2017-10-25T05:00:00Z,gary goddard,0,NA,
2017-10-26T05:00:00Z,gary goddard,0,NA,
2017-10-27T05:00:00Z,gary goddard,0,NA,
2017-10-28T05:00:00Z,gary goddard,0,NA,
2017-10-29T05:00:00Z,gary goddard,0,NA,
2017-10-30T05:00:00Z,gary goddard,0,NA,
2017-10-31T05:00:00Z,gary goddard,0,NA,
2017-11-01T05:00:00Z,gary goddard,0,NA,
2017-11-02T05:00:00Z,gary goddard,0,NA,
2017-11-03T05:00:00Z,gary goddard,0,NA,
2017-11-04T05:00:00Z,gary goddard,0,NA,
2017-11-05T05:00:00Z,gary goddard,0,NA,
2017-11-06T06:00:00Z,gary goddard,0,NA,
2017-11-07T06:00:00Z,gary goddard,0,NA,
2017-11-08T06:00:00Z,gary goddard,0,NA,
2017-11-09T06:00:00Z,gary goddard,0,NA,
2017-11-10T06:00:00Z,gary goddard,1,NA,
2017-11-11T06:00:00Z,gary goddard,2,2,Gary Goddard
2017-11-12T06:00:00Z,gary goddard,0,NA,
2017-11-13T06:00:00Z,gary goddard,0,NA,
2017-11-14T06:00:00Z,gary goddard,0,NA,
2017-11-15T06:00:00Z,gary goddard,0,NA,
2017-11-16T06:00:00Z,gary goddard,0,NA,
2017-11-17T06:00:00Z,gary goddard,0,NA,
2017-11-18T06:00:00Z,gary goddard,0,NA,
2017-11-19T06:00:00Z,gary goddard,0,NA,
2017-11-20T06:00:00Z,gary goddard,0,NA,
2017-11-21T06:00:00Z,gary goddard,0,NA,
2017-11-22T06:00:00Z,gary goddard,0,NA,
2017-11-23T06:00:00Z,gary goddard,0,NA,
2017-11-24T06:00:00Z,gary goddard,0,NA,
2017-11-25T06:00:00Z,gary goddard,0,NA,
2017-11-26T06:00:00Z,gary goddard,0,NA,
2017-11-27T06:00:00Z,gary goddard,0,NA,
2017-11-28T06:00:00Z,gary goddard,0,NA,
2017-11-29T06:00:00Z,gary goddard,0,NA,
2017-11-30T06:00:00Z,gary goddard,0,NA,
2017-12-01T06:00:00Z,gary goddard,0,NA,
2017-12-02T06:00:00Z,gary goddard,0,NA,
2017-12-03T06:00:00Z,gary goddard,0,NA,
2017-12-04T06:00:00Z,gary goddard,0,NA,
2017-12-05T06:00:00Z,gary goddard,0,NA,
2017-12-06T06:00:00Z,gary goddard,0,NA,
2017-12-07T06:00:00Z,gary goddard,0,NA,
2017-10-01T05:00:00Z,dustin hoffman,0,NA,
2017-10-02T05:00:00Z,dustin hoffman,0,NA,
2017-10-03T05:00:00Z,dustin hoffman,0,NA,
2017-10-04T05:00:00Z,dustin hoffman,0,NA,
2017-10-05T05:00:00Z,dustin hoffman,0,NA,
2017-10-06T05:00:00Z,dustin hoffman,0,NA,
2017-10-07T05:00:00Z,dustin hoffman,0,NA,
2017-10-08T05:00:00Z,dustin hoffman,0,NA,
2017-10-09T05:00:00Z,dustin hoffman,0,NA,
2017-10-10T05:00:00Z,dustin hoffman,0,NA,
2017-10-11T05:00:00Z,dustin hoffman,0,NA,
2017-10-12T05:00:00Z,dustin hoffman,0,NA,
2017-10-13T05:00:00Z,dustin hoffman,0,NA,
2017-10-14T05:00:00Z,dustin hoffman,0,NA,
2017-10-15T05:00:00Z,dustin hoffman,0,NA,
2017-10-16T05:00:00Z,dustin hoffman,0,NA,
2017-10-17T05:00:00Z,dustin hoffman,0,NA,
2017-10-18T05:00:00Z,dustin hoffman,0,NA,
2017-10-19T05:00:00Z,dustin hoffman,0,NA,
2017-10-20T05:00:00Z,dustin hoffman,0,NA,
2017-10-21T05:00:00Z,dustin hoffman,0,NA,
2017-10-22T05:00:00Z,dustin hoffman,0,NA,
2017-10-23T05:00:00Z,dustin hoffman,0,NA,
2017-10-24T05:00:00Z,dustin hoffman,0,NA,
2017-10-25T05:00:00Z,dustin hoffman,0,NA,
2017-10-26T05:00:00Z,dustin hoffman,0,NA,
2017-10-27T05:00:00Z,dustin hoffman,0,NA,
2017-10-28T05:00:00Z,dustin hoffman,0,NA,
2017-10-29T05:00:00Z,dustin hoffman,0,NA,
2017-10-30T05:00:00Z,dustin hoffman,0,NA,
2017-10-31T05:00:00Z,dustin hoffman,0,NA,
2017-11-01T05:00:00Z,dustin hoffman,1,1,Dustin Hoffman
2017-11-02T05:00:00Z,dustin hoffman,1,NA,
2017-11-03T05:00:00Z,dustin hoffman,1,NA,
2017-11-04T05:00:00Z,dustin hoffman,1,NA,
2017-11-05T05:00:00Z,dustin hoffman,0,NA,
2017-11-06T06:00:00Z,dustin hoffman,0,NA,
2017-11-07T06:00:00Z,dustin hoffman,0,NA,
2017-11-08T06:00:00Z,dustin hoffman,0,NA,
2017-11-09T06:00:00Z,dustin hoffman,0,NA,
2017-11-10T06:00:00Z,dustin hoffman,0,NA,
2017-11-11T06:00:00Z,dustin hoffman,0,NA,
2017-11-12T06:00:00Z,dustin hoffman,0,NA,
2017-11-13T06:00:00Z,dustin hoffman,0,NA,
2017-11-14T06:00:00Z,dustin hoffman,0,NA,
2017-11-15T06:00:00Z,dustin hoffman,0,NA,
2017-11-16T06:00:00Z,dustin hoffman,0,NA,
2017-11-17T06:00:00Z,dustin hoffman,0,NA,
2017-11-18T06:00:00Z,dustin hoffman,0,NA,
2017-11-19T06:00:00Z,dustin hoffman,0,NA,
2017-11-20T06:00:00Z,dustin hoffman,0,NA,
2017-11-21T06:00:00Z,dustin hoffman,0,NA,
2017-11-22T06:00:00Z,dustin hoffman,0,NA,
2017-11-23T06:00:00Z,dustin hoffman,0,NA,
2017-11-24T06:00:00Z,dustin hoffman,0,NA,
2017-11-25T06:00:00Z,dustin hoffman,0,NA,
2017-11-26T06:00:00Z,dustin hoffman,0,NA,
2017-11-27T06:00:00Z,dustin hoffman,0,NA,
2017-11-28T06:00:00Z,dustin hoffman,0,NA,
2017-11-29T06:00:00Z,dustin hoffman,0,NA,
2017-11-30T06:00:00Z,dustin hoffman,0,NA,
2017-12-01T06:00:00Z,dustin hoffman,0,NA,
2017-12-02T06:00:00Z,dustin hoffman,0,NA,
2017-12-03T06:00:00Z,dustin hoffman,0,NA,
2017-12-04T06:00:00Z,dustin hoffman,0,NA,
2017-12-05T06:00:00Z,dustin hoffman,1,NA,
2017-12-06T06:00:00Z,dustin hoffman,1,NA,
2017-12-07T06:00:00Z,dustin hoffman,0,NA,
2017-10-01T05:00:00Z,jeremy piven,0,NA,
2017-10-02T05:00:00Z,jeremy piven,0,NA,
2017-10-03T05:00:00Z,jeremy piven,0,NA,
2017-10-04T05:00:00Z,jeremy piven,0,NA,
2017-10-05T05:00:00Z,jeremy piven,0,NA,
2017-10-06T05:00:00Z,jeremy piven,0,NA,
2017-10-07T05:00:00Z,jeremy piven,0,NA,
2017-10-08T05:00:00Z,jeremy piven,0,NA,
2017-10-09T05:00:00Z,jeremy piven,0,NA,
2017-10-10T05:00:00Z,jeremy piven,0,NA,
2017-10-11T05:00:00Z,jeremy piven,0,NA,
2017-10-12T05:00:00Z,jeremy piven,0,NA,
2017-10-13T05:00:00Z,jeremy piven,0,NA,
2017-10-14T05:00:00Z,jeremy piven,0,NA,
2017-10-15T05:00:00Z,jeremy piven,0,NA,
2017-10-16T05:00:00Z,jeremy piven,0,NA,
2017-10-17T05:00:00Z,jeremy piven,0,NA,
2017-10-18T05:00:00Z,jeremy piven,0,NA,
2017-10-19T05:00:00Z,jeremy piven,0,NA,
2017-10-20T05:00:00Z,jeremy piven,0,NA,
2017-10-21T05:00:00Z,jeremy piven,0,NA,
2017-10-22T05:00:00Z,jeremy piven,0,NA,
2017-10-23T05:00:00Z,jeremy piven,0,NA,
2017-10-24T05:00:00Z,jeremy piven,0,NA,
2017-10-25T05:00:00Z,jeremy piven,0,NA,
2017-10-26T05:00:00Z,jeremy piven,0,NA,
2017-10-27T05:00:00Z,jeremy piven,0,NA,
2017-10-28T05:00:00Z,jeremy piven,0,NA,
2017-10-29T05:00:00Z,jeremy piven,0,NA,
2017-10-30T05:00:00Z,jeremy piven,0,NA,
2017-10-31T05:00:00Z,jeremy piven,1,1,Jeremy Piven
2017-11-01T05:00:00Z,jeremy piven,1,NA,
2017-11-02T05:00:00Z,jeremy piven,1,NA,
2017-11-03T05:00:00Z,jeremy piven,0,NA,
2017-11-04T05:00:00Z,jeremy piven,0,NA,
2017-11-05T05:00:00Z,jeremy piven,0,NA,
2017-11-06T06:00:00Z,jeremy piven,0,NA,
2017-11-07T06:00:00Z,jeremy piven,0,NA,
2017-11-08T06:00:00Z,jeremy piven,0,NA,
2017-11-09T06:00:00Z,jeremy piven,0,NA,
2017-11-10T06:00:00Z,jeremy piven,1,NA,
2017-11-11T06:00:00Z,jeremy piven,0,NA,
2017-11-12T06:00:00Z,jeremy piven,0,NA,
2017-11-13T06:00:00Z,jeremy piven,0,NA,
2017-11-14T06:00:00Z,jeremy piven,0,NA,
2017-11-15T06:00:00Z,jeremy piven,0,NA,
2017-11-16T06:00:00Z,jeremy piven,0,NA,
2017-11-17T06:00:00Z,jeremy piven,0,NA,
2017-11-18T06:00:00Z,jeremy piven,0,NA,
2017-11-19T06:00:00Z,jeremy piven,0,NA,
2017-11-20T06:00:00Z,jeremy piven,0,NA,
2017-11-21T06:00:00Z,jeremy piven,0,NA,
2017-11-22T06:00:00Z,jeremy piven,0,NA,
2017-11-23T06:00:00Z,jeremy piven,0,NA,
2017-11-24T06:00:00Z,jeremy piven,0,NA,
2017-11-25T06:00:00Z,jeremy piven,0,NA,
2017-11-26T06:00:00Z,jeremy piven,0,NA,
2017-11-27T06:00:00Z,jeremy piven,0,NA,
2017-11-28T06:00:00Z,jeremy piven,0,NA,
2017-11-29T06:00:00Z,jeremy piven,0,NA,
2017-11-30T06:00:00Z,jeremy piven,0,NA,
2017-12-01T06:00:00Z,jeremy piven,0,NA,
2017-12-02T06:00:00Z,jeremy piven,0,NA,
2017-12-03T06:00:00Z,jeremy piven,0,NA,
2017-12-04T06:00:00Z,jeremy piven,0,NA,
2017-12-05T06:00:00Z,jeremy piven,0,NA,
2017-12-06T06:00:00Z,jeremy piven,0,NA,
2017-12-07T06:00:00Z,jeremy piven,0,NA,
2017-10-01T05:00:00Z,steven seagal,0,NA,
2017-10-02T05:00:00Z,steven seagal,0,NA,
2017-10-03T05:00:00Z,steven seagal,0,NA,
2017-10-04T05:00:00Z,steven seagal,0,NA,
2017-10-05T05:00:00Z,steven seagal,0,NA,
2017-10-06T05:00:00Z,steven seagal,0,NA,
2017-10-07T05:00:00Z,steven seagal,0,NA,
2017-10-08T05:00:00Z,steven seagal,0,NA,
2017-10-09T05:00:00Z,steven seagal,0,NA,
2017-10-10T05:00:00Z,steven seagal,0,NA,
2017-10-11T05:00:00Z,steven seagal,0,NA,
2017-10-12T05:00:00Z,steven seagal,0,NA,
2017-10-13T05:00:00Z,steven seagal,0,NA,
2017-10-14T05:00:00Z,steven seagal,0,NA,
2017-10-15T05:00:00Z,steven seagal,0,NA,
2017-10-16T05:00:00Z,steven seagal,0,NA,
2017-10-17T05:00:00Z,steven seagal,0,NA,
2017-10-18T05:00:00Z,steven seagal,0,NA,
2017-10-19T05:00:00Z,steven seagal,0,NA,
2017-10-20T05:00:00Z,steven seagal,0,NA,
2017-10-21T05:00:00Z,steven seagal,0,NA,
2017-10-22T05:00:00Z,steven seagal,0,NA,
2017-10-23T05:00:00Z,steven seagal,0,NA,
2017-10-24T05:00:00Z,steven seagal,0,NA,
2017-10-25T05:00:00Z,steven seagal,0,NA,
2017-10-26T05:00:00Z,steven seagal,0,NA,
2017-10-27T05:00:00Z,steven seagal,0,NA,
2017-10-28T05:00:00Z,steven seagal,0,NA,
2017-10-29T05:00:00Z,steven seagal,0,NA,
2017-10-30T05:00:00Z,steven seagal,0,NA,
2017-10-31T05:00:00Z,steven seagal,0,NA,
2017-11-01T05:00:00Z,steven seagal,0,NA,
2017-11-02T05:00:00Z,steven seagal,0,NA,
2017-11-03T05:00:00Z,steven seagal,0,NA,
2017-11-04T05:00:00Z,steven seagal,0,NA,
2017-11-05T05:00:00Z,steven seagal,0,NA,
2017-11-06T06:00:00Z,steven seagal,0,NA,
2017-11-07T06:00:00Z,steven seagal,0,NA,
2017-11-08T06:00:00Z,steven seagal,0,NA,
2017-11-09T06:00:00Z,steven seagal,1,1,Steven Seagal
2017-11-10T06:00:00Z,steven seagal,0,NA,
2017-11-11T06:00:00Z,steven seagal,0,NA,
2017-11-12T06:00:00Z,steven seagal,0,NA,
2017-11-13T06:00:00Z,steven seagal,0,NA,
2017-11-14T06:00:00Z,steven seagal,0,NA,
2017-11-15T06:00:00Z,steven seagal,0,NA,
2017-11-16T06:00:00Z,steven seagal,0,NA,
2017-11-17T06:00:00Z,steven seagal,0,NA,
2017-11-18T06:00:00Z,steven seagal,0,NA,
2017-11-19T06:00:00Z,steven seagal,0,NA,
2017-11-20T06:00:00Z,steven seagal,0,NA,
2017-11-21T06:00:00Z,steven seagal,0,NA,
2017-11-22T06:00:00Z,steven seagal,0,NA,
2017-11-23T06:00:00Z,steven seagal,0,NA,
2017-11-24T06:00:00Z,steven seagal,0,NA,
2017-11-25T06:00:00Z,steven seagal,0,NA,
2017-11-26T06:00:00Z,steven seagal,0,NA,
2017-11-27T06:00:00Z,steven seagal,0,NA,
2017-11-28T06:00:00Z,steven seagal,0,NA,
2017-11-29T06:00:00Z,steven seagal,0,NA,
2017-11-30T06:00:00Z,steven seagal,0,NA,
2017-12-01T06:00:00Z,steven seagal,0,NA,
2017-12-02T06:00:00Z,steven seagal,0,NA,
2017-12-03T06:00:00Z,steven seagal,0,NA,
2017-12-04T06:00:00Z,steven seagal,0,NA,
2017-12-05T06:00:00Z,steven seagal,0,NA,
2017-12-06T06:00:00Z,steven seagal,0,NA,
2017-12-07T06:00:00Z,steven seagal,0,NA,
2017-10-01T05:00:00Z,tom sizemore,0,NA,
2017-10-02T05:00:00Z,tom sizemore,0,NA,
2017-10-03T05:00:00Z,tom sizemore,0,NA,
2017-10-04T05:00:00Z,tom sizemore,0,NA,
2017-10-05T05:00:00Z,tom sizemore,0,NA,
2017-10-06T05:00:00Z,tom sizemore,0,NA,
2017-10-07T05:00:00Z,tom sizemore,0,NA,
2017-10-08T05:00:00Z,tom sizemore,0,NA,
2017-10-09T05:00:00Z,tom sizemore,0,NA,
2017-10-10T05:00:00Z,tom sizemore,0,NA,
2017-10-11T05:00:00Z,tom sizemore,0,NA,
2017-10-12T05:00:00Z,tom sizemore,0,NA,
2017-10-13T05:00:00Z,tom sizemore,0,NA,
2017-10-14T05:00:00Z,tom sizemore,0,NA,
2017-10-15T05:00:00Z,tom sizemore,0,NA,
2017-10-16T05:00:00Z,tom sizemore,0,NA,
2017-10-17T05:00:00Z,tom sizemore,0,NA,
2017-10-18T05:00:00Z,tom sizemore,0,NA,
2017-10-19T05:00:00Z,tom sizemore,0,NA,
2017-10-20T05:00:00Z,tom sizemore,0,NA,
2017-10-21T05:00:00Z,tom sizemore,0,NA,
2017-10-22T05:00:00Z,tom sizemore,0,NA,
2017-10-23T05:00:00Z,tom sizemore,0,NA,
2017-10-24T05:00:00Z,tom sizemore,0,NA,
2017-10-25T05:00:00Z,tom sizemore,0,NA,
2017-10-26T05:00:00Z,tom sizemore,0,NA,
2017-10-27T05:00:00Z,tom sizemore,0,NA,
2017-10-28T05:00:00Z,tom sizemore,0,NA,
2017-10-29T05:00:00Z,tom sizemore,0,NA,
2017-10-30T05:00:00Z,tom sizemore,0,NA,
2017-10-31T05:00:00Z,tom sizemore,0,NA,
2017-11-01T05:00:00Z,tom sizemore,0,NA,
2017-11-02T05:00:00Z,tom sizemore,0,NA,
2017-11-03T05:00:00Z,tom sizemore,0,NA,
2017-11-04T05:00:00Z,tom sizemore,0,NA,
2017-11-05T05:00:00Z,tom sizemore,0,NA,
2017-11-06T06:00:00Z,tom sizemore,0,NA,
2017-11-07T06:00:00Z,tom sizemore,0,NA,
2017-11-08T06:00:00Z,tom sizemore,0,NA,
2017-11-09T06:00:00Z,tom sizemore,0,NA,
2017-11-10T06:00:00Z,tom sizemore,0,NA,
2017-11-11T06:00:00Z,tom sizemore,0,NA,
2017-11-12T06:00:00Z,tom sizemore,0,NA,
2017-11-13T06:00:00Z,tom sizemore,0,NA,
2017-11-14T06:00:00Z,tom sizemore,1,1,Tom Sizemore
2017-11-15T06:00:00Z,tom sizemore,0,NA,
2017-11-16T06:00:00Z,tom sizemore,0,NA,
2017-11-17T06:00:00Z,tom sizemore,0,NA,
2017-11-18T06:00:00Z,tom sizemore,0,NA,
2017-11-19T06:00:00Z,tom sizemore,0,NA,
2017-11-20T06:00:00Z,tom sizemore,0,NA,
2017-11-21T06:00:00Z,tom sizemore,0,NA,
2017-11-22T06:00:00Z,tom sizemore,0,NA,
2017-11-23T06:00:00Z,tom sizemore,0,NA,
2017-11-24T06:00:00Z,tom sizemore,0,NA,
2017-11-25T06:00:00Z,tom sizemore,0,NA,
2017-11-26T06:00:00Z,tom sizemore,0,NA,
2017-11-27T06:00:00Z,tom sizemore,0,NA,
2017-11-28T06:00:00Z,tom sizemore,0,NA,
2017-11-29T06:00:00Z,tom sizemore,0,NA,
2017-11-30T06:00:00Z,tom sizemore,0,NA,
2017-12-01T06:00:00Z,tom sizemore,0,NA,
2017-12-02T06:00:00Z,tom sizemore,0,NA,
2017-12-03T06:00:00Z,tom sizemore,0,NA,
2017-12-04T06:00:00Z,tom sizemore,0,NA,
2017-12-05T06:00:00Z,tom sizemore,0,NA,
2017-12-06T06:00:00Z,tom sizemore,0,NA,
2017-12-07T06:00:00Z,tom sizemore,0,NA,
2017-10-01T05:00:00Z,jeffrey tambor,0,NA,
2017-10-02T05:00:00Z,jeffrey tambor,0,NA,
2017-10-03T05:00:00Z,jeffrey tambor,0,NA,
2017-10-04T05:00:00Z,jeffrey tambor,0,NA,
2017-10-05T05:00:00Z,jeffrey tambor,0,NA,
2017-10-06T05:00:00Z,jeffrey tambor,0,NA,
2017-10-07T05:00:00Z,jeffrey tambor,0,NA,
2017-10-08T05:00:00Z,jeffrey tambor,0,NA,
2017-10-09T05:00:00Z,jeffrey tambor,0,NA,
2017-10-10T05:00:00Z,jeffrey tambor,0,NA,
2017-10-11T05:00:00Z,jeffrey tambor,0,NA,
2017-10-12T05:00:00Z,jeffrey tambor,0,NA,
2017-10-13T05:00:00Z,jeffrey tambor,0,NA,
2017-10-14T05:00:00Z,jeffrey tambor,0,NA,
2017-10-15T05:00:00Z,jeffrey tambor,0,NA,
2017-10-16T05:00:00Z,jeffrey tambor,0,NA,
2017-10-17T05:00:00Z,jeffrey tambor,0,NA,
2017-10-18T05:00:00Z,jeffrey tambor,0,NA,
2017-10-19T05:00:00Z,jeffrey tambor,0,NA,
2017-10-20T05:00:00Z,jeffrey tambor,0,NA,
2017-10-21T05:00:00Z,jeffrey tambor,0,NA,
2017-10-22T05:00:00Z,jeffrey tambor,0,NA,
2017-10-23T05:00:00Z,jeffrey tambor,0,NA,
2017-10-24T05:00:00Z,jeffrey tambor,0,NA,
2017-10-25T05:00:00Z,jeffrey tambor,0,NA,
2017-10-26T05:00:00Z,jeffrey tambor,0,NA,
2017-10-27T05:00:00Z,jeffrey tambor,0,NA,
2017-10-28T05:00:00Z,jeffrey tambor,0,NA,
2017-10-29T05:00:00Z,jeffrey tambor,0,NA,
2017-10-30T05:00:00Z,jeffrey tambor,0,NA,
2017-10-31T05:00:00Z,jeffrey tambor,0,NA,
2017-11-01T05:00:00Z,jeffrey tambor,0,NA,
2017-11-02T05:00:00Z,jeffrey tambor,0,NA,
2017-11-03T05:00:00Z,jeffrey tambor,0,NA,
2017-11-04T05:00:00Z,jeffrey tambor,0,NA,
2017-11-05T05:00:00Z,jeffrey tambor,0,NA,
2017-11-06T06:00:00Z,jeffrey tambor,0,NA,
2017-11-07T06:00:00Z,jeffrey tambor,0,NA,
2017-11-08T06:00:00Z,jeffrey tambor,0,NA,
2017-11-09T06:00:00Z,jeffrey tambor,0,NA,
2017-11-10T06:00:00Z,jeffrey tambor,0,NA,
2017-11-11T06:00:00Z,jeffrey tambor,0,NA,
2017-11-12T06:00:00Z,jeffrey tambor,0,NA,
2017-11-13T06:00:00Z,jeffrey tambor,0,NA,
2017-11-14T06:00:00Z,jeffrey tambor,0,NA,
2017-11-15T06:00:00Z,jeffrey tambor,0,NA,
2017-11-16T06:00:00Z,jeffrey tambor,0,NA,
2017-11-17T06:00:00Z,jeffrey tambor,0,NA,
2017-11-18T06:00:00Z,jeffrey tambor,0,NA,
2017-11-19T06:00:00Z,jeffrey tambor,0,NA,
2017-11-20T06:00:00Z,jeffrey tambor,1,1,Jeffrey Tambor
2017-11-21T06:00:00Z,jeffrey tambor,0,NA,
2017-11-22T06:00:00Z,jeffrey tambor,0,NA,
2017-11-23T06:00:00Z,jeffrey tambor,0,NA,
2017-11-24T06:00:00Z,jeffrey tambor,0,NA,
2017-11-25T06:00:00Z,jeffrey tambor,0,NA,
2017-11-26T06:00:00Z,jeffrey tambor,0,NA,
2017-11-27T06:00:00Z,jeffrey tambor,0,NA,
2017-11-28T06:00:00Z,jeffrey tambor,0,NA,
2017-11-29T06:00:00Z,jeffrey tambor,0,NA,
2017-11-30T06:00:00Z,jeffrey tambor,0,NA,
2017-12-01T06:00:00Z,jeffrey tambor,0,NA,
2017-12-02T06:00:00Z,jeffrey tambor,0,NA,
2017-12-03T06:00:00Z,jeffrey tambor,0,NA,
2017-12-04T06:00:00Z,jeffrey tambor,0,NA,
2017-12-05T06:00:00Z,jeffrey tambor,0,NA,
2017-12-06T06:00:00Z,jeffrey tambor,0,NA,
2017-12-07T06:00:00Z,jeffrey tambor,0,NA,
2017-10-01T05:00:00Z,george takei,0,NA,
2017-10-02T05:00:00Z,george takei,0,NA,
2017-10-03T05:00:00Z,george takei,0,NA,
2017-10-04T05:00:00Z,george takei,0,NA,
2017-10-05T05:00:00Z,george takei,0,NA,
2017-10-06T05:00:00Z,george takei,0,NA,
2017-10-07T05:00:00Z,george takei,0,NA,
2017-10-08T05:00:00Z,george takei,0,NA,
2017-10-09T05:00:00Z,george takei,0,NA,
2017-10-10T05:00:00Z,george takei,0,NA,
2017-10-11T05:00:00Z,george takei,0,NA,
2017-10-12T05:00:00Z,george takei,0,NA,
2017-10-13T05:00:00Z,george takei,0,NA,
2017-10-14T05:00:00Z,george takei,0,NA,
2017-10-15T05:00:00Z,george takei,0,NA,
2017-10-16T05:00:00Z,george takei,0,NA,
2017-10-17T05:00:00Z,george takei,0,NA,
2017-10-18T05:00:00Z,george takei,0,NA,
2017-10-19T05:00:00Z,george takei,0,NA,
2017-10-20T05:00:00Z,george takei,0,NA,
2017-10-21T05:00:00Z,george takei,0,NA,
2017-10-22T05:00:00Z,george takei,0,NA,
2017-10-23T05:00:00Z,george takei,0,NA,
2017-10-24T05:00:00Z,george takei,0,NA,
2017-10-25T05:00:00Z,george takei,0,NA,
2017-10-26T05:00:00Z,george takei,0,NA,
2017-10-27T05:00:00Z,george takei,0,NA,
2017-10-28T05:00:00Z,george takei,0,NA,
2017-10-29T05:00:00Z,george takei,0,NA,
2017-10-30T05:00:00Z,george takei,0,NA,
2017-10-31T05:00:00Z,george takei,0,NA,
2017-11-01T05:00:00Z,george takei,0,NA,
2017-11-02T05:00:00Z,george takei,0,NA,
2017-11-03T05:00:00Z,george takei,0,NA,
2017-11-04T05:00:00Z,george takei,0,NA,
2017-11-05T05:00:00Z,george takei,0,NA,
2017-11-06T06:00:00Z,george takei,0,NA,
2017-11-07T06:00:00Z,george takei,0,NA,
2017-11-08T06:00:00Z,george takei,0,NA,
2017-11-09T06:00:00Z,george takei,0,NA,
2017-11-10T06:00:00Z,george takei,0,NA,
2017-11-11T06:00:00Z,george takei,3,3,George Takei
2017-11-12T06:00:00Z,george takei,2,NA,
2017-11-13T06:00:00Z,george takei,1,NA,
2017-11-14T06:00:00Z,george takei,1,NA,
2017-11-15T06:00:00Z,george takei,0,NA,
2017-11-16T06:00:00Z,george takei,0,NA,
2017-11-17T06:00:00Z,george takei,0,NA,
2017-11-18T06:00:00Z,george takei,0,NA,
2017-11-19T06:00:00Z,george takei,0,NA,
2017-11-20T06:00:00Z,george takei,0,NA,
2017-11-21T06:00:00Z,george takei,0,NA,
2017-11-22T06:00:00Z,george takei,0,NA,
2017-11-23T06:00:00Z,george takei,0,NA,
2017-11-24T06:00:00Z,george takei,0,NA,
2017-11-25T06:00:00Z,george takei,0,NA,
2017-11-26T06:00:00Z,george takei,0,NA,
2017-11-27T06:00:00Z,george takei,0,NA,
2017-11-28T06:00:00Z,george takei,0,NA,
2017-11-29T06:00:00Z,george takei,0,NA,
2017-11-30T06:00:00Z,george takei,0,NA,
2017-12-01T06:00:00Z,george takei,0,NA,
2017-12-02T06:00:00Z,george takei,0,NA,
2017-12-03T06:00:00Z,george takei,0,NA,
2017-12-04T06:00:00Z,george takei,0,NA,
2017-12-05T06:00:00Z,george takei,0,NA,
2017-12-06T06:00:00Z,george takei,0,NA,
2017-12-07T06:00:00Z,george takei,0,NA,
2017-10-01T05:00:00Z,james toback,0,NA,
2017-10-02T05:00:00Z,james toback,0,NA,
2017-10-03T05:00:00Z,james toback,0,NA,
2017-10-04T05:00:00Z,james toback,0,NA,
2017-10-05T05:00:00Z,james toback,0,NA,
2017-10-06T05:00:00Z,james toback,0,NA,
2017-10-07T05:00:00Z,james toback,0,NA,
2017-10-08T05:00:00Z,james toback,0,NA,
2017-10-09T05:00:00Z,james toback,0,NA,
2017-10-10T05:00:00Z,james toback,0,NA,
2017-10-11T05:00:00Z,james toback,0,NA,
2017-10-12T05:00:00Z,james toback,0,NA,
2017-10-13T05:00:00Z,james toback,0,NA,
2017-10-14T05:00:00Z,james toback,0,NA,
2017-10-15T05:00:00Z,james toback,0,NA,
2017-10-16T05:00:00Z,james toback,0,NA,
2017-10-17T05:00:00Z,james toback,0,NA,
2017-10-18T05:00:00Z,james toback,0,NA,
2017-10-19T05:00:00Z,james toback,0,NA,
2017-10-20T05:00:00Z,james toback,0,NA,
2017-10-21T05:00:00Z,james toback,0,NA,
2017-10-22T05:00:00Z,james toback,2,2,James Toback
2017-10-23T05:00:00Z,james toback,1,NA,
2017-10-24T05:00:00Z,james toback,0,NA,
2017-10-25T05:00:00Z,james toback,0,NA,
2017-10-26T05:00:00Z,james toback,1,NA,
2017-10-27T05:00:00Z,james toback,1,NA,
2017-10-28T05:00:00Z,james toback,0,NA,
2017-10-29T05:00:00Z,james toback,0,NA,
2017-10-30T05:00:00Z,james toback,0,NA,
2017-10-31T05:00:00Z,james toback,0,NA,
2017-11-01T05:00:00Z,james toback,0,NA,
2017-11-02T05:00:00Z,james toback,0,NA,
2017-11-03T05:00:00Z,james toback,0,NA,
2017-11-04T05:00:00Z,james toback,0,NA,
2017-11-05T05:00:00Z,james toback,0,NA,
2017-11-06T06:00:00Z,james toback,0,NA,
2017-11-07T06:00:00Z,james toback,0,NA,
2017-11-08T06:00:00Z,james toback,0,NA,
2017-11-09T06:00:00Z,james toback,0,NA,
2017-11-10T06:00:00Z,james toback,0,NA,
2017-11-11T06:00:00Z,james toback,0,NA,
2017-11-12T06:00:00Z,james toback,0,NA,
2017-11-13T06:00:00Z,james toback,0,NA,
2017-11-14T06:00:00Z,james toback,0,NA,
2017-11-15T06:00:00Z,james toback,0,NA,
2017-11-16T06:00:00Z,james toback,0,NA,
2017-11-17T06:00:00Z,james toback,0,NA,
2017-11-18T06:00:00Z,james toback,0,NA,
2017-11-19T06:00:00Z,james toback,0,NA,
2017-11-20T06:00:00Z,james toback,0,NA,
2017-11-21T06:00:00Z,james toback,0,NA,
2017-11-22T06:00:00Z,james toback,0,NA,
2017-11-23T06:00:00Z,james toback,0,NA,
2017-11-24T06:00:00Z,james toback,0,NA,
2017-11-25T06:00:00Z,james toback,0,NA,
2017-11-26T06:00:00Z,james toback,0,NA,
2017-11-27T06:00:00Z,james toback,0,NA,
2017-11-28T06:00:00Z,james toback,0,NA,
2017-11-29T06:00:00Z,james toback,0,NA,
2017-11-30T06:00:00Z,james toback,0,NA,
2017-12-01T06:00:00Z,james toback,0,NA,
2017-12-02T06:00:00Z,james toback,0,NA,
2017-12-03T06:00:00Z,james toback,0,NA,
2017-12-04T06:00:00Z,james toback,0,NA,
2017-12-05T06:00:00Z,james toback,0,NA,
2017-12-06T06:00:00Z,james toback,0,NA,
2017-12-07T06:00:00Z,james toback,0,NA,
2017-10-01T05:00:00Z,glenn thrush,0,NA,
2017-10-02T05:00:00Z,glenn thrush,0,NA,
2017-10-03T05:00:00Z,glenn thrush,0,NA,
2017-10-04T05:00:00Z,glenn thrush,0,NA,
2017-10-05T05:00:00Z,glenn thrush,0,NA,
2017-10-06T05:00:00Z,glenn thrush,0,NA,
2017-10-07T05:00:00Z,glenn thrush,0,NA,
2017-10-08T05:00:00Z,glenn thrush,0,NA,
2017-10-09T05:00:00Z,glenn thrush,0,NA,
2017-10-10T05:00:00Z,glenn thrush,0,NA,
2017-10-11T05:00:00Z,glenn thrush,0,NA,
2017-10-12T05:00:00Z,glenn thrush,0,NA,
2017-10-13T05:00:00Z,glenn thrush,0,NA,
2017-10-14T05:00:00Z,glenn thrush,0,NA,
2017-10-15T05:00:00Z,glenn thrush,0,NA,
2017-10-16T05:00:00Z,glenn thrush,0,NA,
2017-10-17T05:00:00Z,glenn thrush,0,NA,
2017-10-18T05:00:00Z,glenn thrush,0,NA,
2017-10-19T05:00:00Z,glenn thrush,0,NA,
2017-10-20T05:00:00Z,glenn thrush,0,NA,
2017-10-21T05:00:00Z,glenn thrush,0,NA,
2017-10-22T05:00:00Z,glenn thrush,0,NA,
2017-10-23T05:00:00Z,glenn thrush,0,NA,
2017-10-24T05:00:00Z,glenn thrush,0,NA,
2017-10-25T05:00:00Z,glenn thrush,0,NA,
2017-10-26T05:00:00Z,glenn thrush,0,NA,
2017-10-27T05:00:00Z,glenn thrush,0,NA,
2017-10-28T05:00:00Z,glenn thrush,0,NA,
2017-10-29T05:00:00Z,glenn thrush,0,NA,
2017-10-30T05:00:00Z,glenn thrush,0,NA,
2017-10-31T05:00:00Z,glenn thrush,0,NA,
2017-11-01T05:00:00Z,glenn thrush,0,NA,
2017-11-02T05:00:00Z,glenn thrush,0,NA,
2017-11-03T05:00:00Z,glenn thrush,0,NA,
2017-11-04T05:00:00Z,glenn thrush,0,NA,
2017-11-05T05:00:00Z,glenn thrush,0,NA,
2017-11-06T06:00:00Z,glenn thrush,0,NA,
2017-11-07T06:00:00Z,glenn thrush,0,NA,
2017-11-08T06:00:00Z,glenn thrush,0,NA,
2017-11-09T06:00:00Z,glenn thrush,0,NA,
2017-11-10T06:00:00Z,glenn thrush,0,NA,
2017-11-11T06:00:00Z,glenn thrush,0,NA,
2017-11-12T06:00:00Z,glenn thrush,0,NA,
2017-11-13T06:00:00Z,glenn thrush,0,NA,
2017-11-14T06:00:00Z,glenn thrush,0,NA,
2017-11-15T06:00:00Z,glenn thrush,0,NA,
2017-11-16T06:00:00Z,glenn thrush,0,NA,
2017-11-17T06:00:00Z,glenn thrush,0,NA,
2017-11-18T06:00:00Z,glenn thrush,0,NA,
2017-11-19T06:00:00Z,glenn thrush,0,NA,
2017-11-20T06:00:00Z,glenn thrush,1,1,Glenn Thrush
2017-11-21T06:00:00Z,glenn thrush,1,NA,
2017-11-22T06:00:00Z,glenn thrush,0,NA,
2017-11-23T06:00:00Z,glenn thrush,0,NA,
2017-11-24T06:00:00Z,glenn thrush,0,NA,
2017-11-25T06:00:00Z,glenn thrush,0,NA,
2017-11-26T06:00:00Z,glenn thrush,0,NA,
2017-11-27T06:00:00Z,glenn thrush,0,NA,
2017-11-28T06:00:00Z,glenn thrush,0,NA,
2017-11-29T06:00:00Z,glenn thrush,0,NA,
2017-11-30T06:00:00Z,glenn thrush,0,NA,
2017-12-01T06:00:00Z,glenn thrush,0,NA,
2017-12-02T06:00:00Z,glenn thrush,0,NA,
2017-12-03T06:00:00Z,glenn thrush,0,NA,
2017-12-04T06:00:00Z,glenn thrush,0,NA,
2017-12-05T06:00:00Z,glenn thrush,0,NA,
2017-12-06T06:00:00Z,glenn thrush,0,NA,
2017-12-07T06:00:00Z,glenn thrush,0,NA,
2017-10-01T05:00:00Z,charlie rose,0,NA,
2017-10-02T05:00:00Z,charlie rose,0,NA,
2017-10-03T05:00:00Z,charlie rose,0,NA,
2017-10-04T05:00:00Z,charlie rose,0,NA,
2017-10-05T05:00:00Z,charlie rose,0,NA,
2017-10-06T05:00:00Z,charlie rose,0,NA,
2017-10-07T05:00:00Z,charlie rose,0,NA,
2017-10-08T05:00:00Z,charlie rose,0,NA,
2017-10-09T05:00:00Z,charlie rose,0,NA,
2017-10-10T05:00:00Z,charlie rose,0,NA,
2017-10-11T05:00:00Z,charlie rose,0,NA,
2017-10-12T05:00:00Z,charlie rose,0,NA,
2017-10-13T05:00:00Z,charlie rose,0,NA,
2017-10-14T05:00:00Z,charlie rose,0,NA,
2017-10-15T05:00:00Z,charlie rose,0,NA,
2017-10-16T05:00:00Z,charlie rose,0,NA,
2017-10-17T05:00:00Z,charlie rose,0,NA,
2017-10-18T05:00:00Z,charlie rose,0,NA,
2017-10-19T05:00:00Z,charlie rose,0,NA,
2017-10-20T05:00:00Z,charlie rose,0,NA,
2017-10-21T05:00:00Z,charlie rose,0,NA,
2017-10-22T05:00:00Z,charlie rose,0,NA,
2017-10-23T05:00:00Z,charlie rose,0,NA,
2017-10-24T05:00:00Z,charlie rose,0,NA,
2017-10-25T05:00:00Z,charlie rose,0,NA,
2017-10-26T05:00:00Z,charlie rose,0,NA,
2017-10-27T05:00:00Z,charlie rose,0,NA,
2017-10-28T05:00:00Z,charlie rose,0,NA,
2017-10-29T05:00:00Z,charlie rose,0,NA,
2017-10-30T05:00:00Z,charlie rose,0,NA,
2017-10-31T05:00:00Z,charlie rose,0,NA,
2017-11-01T05:00:00Z,charlie rose,0,NA,
2017-11-02T05:00:00Z,charlie rose,0,NA,
2017-11-03T05:00:00Z,charlie rose,0,NA,
2017-11-04T05:00:00Z,charlie rose,0,NA,
2017-11-05T05:00:00Z,charlie rose,0,NA,
2017-11-06T06:00:00Z,charlie rose,0,NA,
2017-11-07T06:00:00Z,charlie rose,0,NA,
2017-11-08T06:00:00Z,charlie rose,0,NA,
2017-11-09T06:00:00Z,charlie rose,0,NA,
2017-11-10T06:00:00Z,charlie rose,0,NA,
2017-11-11T06:00:00Z,charlie rose,0,NA,
2017-11-12T06:00:00Z,charlie rose,0,NA,
2017-11-13T06:00:00Z,charlie rose,0,NA,
2017-11-14T06:00:00Z,charlie rose,0,NA,
2017-11-15T06:00:00Z,charlie rose,0,NA,
2017-11-16T06:00:00Z,charlie rose,0,NA,
2017-11-17T06:00:00Z,charlie rose,0,NA,
2017-11-18T06:00:00Z,charlie rose,0,NA,
2017-11-19T06:00:00Z,charlie rose,0,NA,
2017-11-20T06:00:00Z,charlie rose,4,NA,
2017-11-21T06:00:00Z,charlie rose,19,19,Charlie Rose
2017-11-22T06:00:00Z,charlie rose,7,NA,
2017-11-23T06:00:00Z,charlie rose,2,NA,
2017-11-24T06:00:00Z,charlie rose,1,NA,
2017-11-25T06:00:00Z,charlie rose,1,NA,
2017-11-26T06:00:00Z,charlie rose,1,NA,
2017-11-27T06:00:00Z,charlie rose,1,NA,
2017-11-28T06:00:00Z,charlie rose,0,NA,
2017-11-29T06:00:00Z,charlie rose,2,NA,
2017-11-30T06:00:00Z,charlie rose,1,NA,
2017-12-01T06:00:00Z,charlie rose,1,NA,
2017-12-02T06:00:00Z,charlie rose,0,NA,
2017-12-03T06:00:00Z,charlie rose,0,NA,
2017-12-04T06:00:00Z,charlie rose,0,NA,
2017-12-05T06:00:00Z,charlie rose,0,NA,
2017-12-06T06:00:00Z,charlie rose,0,NA,
2017-12-07T06:00:00Z,charlie rose,0,NA,
2017-10-01T05:00:00Z,john lasseter,0,NA,
2017-10-02T05:00:00Z,john lasseter,0,NA,
2017-10-03T05:00:00Z,john lasseter,0,NA,
2017-10-04T05:00:00Z,john lasseter,0,NA,
2017-10-05T05:00:00Z,john lasseter,0,NA,
2017-10-06T05:00:00Z,john lasseter,0,NA,
2017-10-07T05:00:00Z,john lasseter,0,NA,
2017-10-08T05:00:00Z,john lasseter,0,NA,
2017-10-09T05:00:00Z,john lasseter,0,NA,
2017-10-10T05:00:00Z,john lasseter,0,NA,
2017-10-11T05:00:00Z,john lasseter,0,NA,
2017-10-12T05:00:00Z,john lasseter,0,NA,
2017-10-13T05:00:00Z,john lasseter,0,NA,
2017-10-14T05:00:00Z,john lasseter,0,NA,
2017-10-15T05:00:00Z,john lasseter,0,NA,
2017-10-16T05:00:00Z,john lasseter,0,NA,
2017-10-17T05:00:00Z,john lasseter,0,NA,
2017-10-18T05:00:00Z,john lasseter,0,NA,
2017-10-19T05:00:00Z,john lasseter,0,NA,
2017-10-20T05:00:00Z,john lasseter,0,NA,
2017-10-21T05:00:00Z,john lasseter,0,NA,
2017-10-22T05:00:00Z,john lasseter,0,NA,
2017-10-23T05:00:00Z,john lasseter,0,NA,
2017-10-24T05:00:00Z,john lasseter,0,NA,
2017-10-25T05:00:00Z,john lasseter,0,NA,
2017-10-26T05:00:00Z,john lasseter,0,NA,
2017-10-27T05:00:00Z,john lasseter,0,NA,
2017-10-28T05:00:00Z,john lasseter,0,NA,
2017-10-29T05:00:00Z,john lasseter,0,NA,
2017-10-30T05:00:00Z,john lasseter,0,NA,
2017-10-31T05:00:00Z,john lasseter,0,NA,
2017-11-01T05:00:00Z,john lasseter,0,NA,
2017-11-02T05:00:00Z,john lasseter,0,NA,
2017-11-03T05:00:00Z,john lasseter,0,NA,
2017-11-04T05:00:00Z,john lasseter,0,NA,
2017-11-05T05:00:00Z,john lasseter,0,NA,
2017-11-06T06:00:00Z,john lasseter,0,NA,
2017-11-07T06:00:00Z,john lasseter,0,NA,
2017-11-08T06:00:00Z,john lasseter,0,NA,
2017-11-09T06:00:00Z,john lasseter,0,NA,
2017-11-10T06:00:00Z,john lasseter,0,NA,
2017-11-11T06:00:00Z,john lasseter,0,NA,
2017-11-12T06:00:00Z,john lasseter,0,NA,
2017-11-13T06:00:00Z,john lasseter,0,NA,
2017-11-14T06:00:00Z,john lasseter,0,NA,
2017-11-15T06:00:00Z,john lasseter,0,NA,
2017-11-16T06:00:00Z,john lasseter,0,NA,
2017-11-17T06:00:00Z,john lasseter,0,NA,
2017-11-18T06:00:00Z,john lasseter,0,NA,
2017-11-19T06:00:00Z,john lasseter,0,NA,
2017-11-20T06:00:00Z,john lasseter,0,NA,
2017-11-21T06:00:00Z,john lasseter,1,1,John Lasseter
2017-11-22T06:00:00Z,john lasseter,1,NA,
2017-11-23T06:00:00Z,john lasseter,0,NA,
2017-11-24T06:00:00Z,john lasseter,0,NA,
2017-11-25T06:00:00Z,john lasseter,0,NA,
2017-11-26T06:00:00Z,john lasseter,0,NA,
2017-11-27T06:00:00Z,john lasseter,0,NA,
2017-11-28T06:00:00Z,john lasseter,0,NA,
2017-11-29T06:00:00Z,john lasseter,0,NA,
2017-11-30T06:00:00Z,john lasseter,0,NA,
2017-12-01T06:00:00Z,john lasseter,0,NA,
2017-12-02T06:00:00Z,john lasseter,0,NA,
2017-12-03T06:00:00Z,john lasseter,0,NA,
2017-12-04T06:00:00Z,john lasseter,0,NA,
2017-12-05T06:00:00Z,john lasseter,0,NA,
2017-12-06T06:00:00Z,john lasseter,0,NA,
2017-12-07T06:00:00Z,john lasseter,0,NA,
2017-10-01T05:00:00Z,matt lauer,0,NA,
2017-10-02T05:00:00Z,matt lauer,0,NA,
2017-10-03T05:00:00Z,matt lauer,0,NA,
2017-10-04T05:00:00Z,matt lauer,0,NA,
2017-10-05T05:00:00Z,matt lauer,0,NA,
2017-10-06T05:00:00Z,matt lauer,0,NA,
2017-10-07T05:00:00Z,matt lauer,0,NA,
2017-10-08T05:00:00Z,matt lauer,0,NA,
2017-10-09T05:00:00Z,matt lauer,0,NA,
2017-10-10T05:00:00Z,matt lauer,0,NA,
2017-10-11T05:00:00Z,matt lauer,0,NA,
2017-10-12T05:00:00Z,matt lauer,0,NA,
2017-10-13T05:00:00Z,matt lauer,0,NA,
2017-10-14T05:00:00Z,matt lauer,0,NA,
2017-10-15T05:00:00Z,matt lauer,0,NA,
2017-10-16T05:00:00Z,matt lauer,0,NA,
2017-10-17T05:00:00Z,matt lauer,0,NA,
2017-10-18T05:00:00Z,matt lauer,0,NA,
2017-10-19T05:00:00Z,matt lauer,0,NA,
2017-10-20T05:00:00Z,matt lauer,0,NA,
2017-10-21T05:00:00Z,matt lauer,0,NA,
2017-10-22T05:00:00Z,matt lauer,0,NA,
2017-10-23T05:00:00Z,matt lauer,0,NA,
2017-10-24T05:00:00Z,matt lauer,0,NA,
2017-10-25T05:00:00Z,matt lauer,0,NA,
2017-10-26T05:00:00Z,matt lauer,0,NA,
2017-10-27T05:00:00Z,matt lauer,0,NA,
2017-10-28T05:00:00Z,matt lauer,0,NA,
2017-10-29T05:00:00Z,matt lauer,0,NA,
2017-10-30T05:00:00Z,matt lauer,0,NA,
2017-10-31T05:00:00Z,matt lauer,0,NA,
2017-11-01T05:00:00Z,matt lauer,0,NA,
2017-11-02T05:00:00Z,matt lauer,0,NA,
2017-11-03T05:00:00Z,matt lauer,0,NA,
2017-11-04T05:00:00Z,matt lauer,0,NA,
2017-11-05T05:00:00Z,matt lauer,0,NA,
2017-11-06T06:00:00Z,matt lauer,0,NA,
2017-11-07T06:00:00Z,matt lauer,0,NA,
2017-11-08T06:00:00Z,matt lauer,0,NA,
2017-11-09T06:00:00Z,matt lauer,0,NA,
2017-11-10T06:00:00Z,matt lauer,0,NA,
2017-11-11T06:00:00Z,matt lauer,0,NA,
2017-11-12T06:00:00Z,matt lauer,0,NA,
2017-11-13T06:00:00Z,matt lauer,0,NA,
2017-11-14T06:00:00Z,matt lauer,0,NA,
2017-11-15T06:00:00Z,matt lauer,0,NA,
2017-11-16T06:00:00Z,matt lauer,0,NA,
2017-11-17T06:00:00Z,matt lauer,0,NA,
2017-11-18T06:00:00Z,matt lauer,0,NA,
2017-11-19T06:00:00Z,matt lauer,0,NA,
2017-11-20T06:00:00Z,matt lauer,0,NA,
2017-11-21T06:00:00Z,matt lauer,0,NA,
2017-11-22T06:00:00Z,matt lauer,0,NA,
2017-11-23T06:00:00Z,matt lauer,0,NA,
2017-11-24T06:00:00Z,matt lauer,0,NA,
2017-11-25T06:00:00Z,matt lauer,0,NA,
2017-11-26T06:00:00Z,matt lauer,0,NA,
2017-11-27T06:00:00Z,matt lauer,0,NA,
2017-11-28T06:00:00Z,matt lauer,0,NA,
2017-11-29T06:00:00Z,matt lauer,100,100,Matt Lauer
2017-11-30T06:00:00Z,matt lauer,56,NA,
2017-12-01T06:00:00Z,matt lauer,19,NA,
2017-12-02T06:00:00Z,matt lauer,11,NA,
2017-12-03T06:00:00Z,matt lauer,7,NA,
2017-12-04T06:00:00Z,matt lauer,5,NA,
2017-12-05T06:00:00Z,matt lauer,3,NA,
2017-12-06T06:00:00Z,matt lauer,4,NA,
2017-12-07T06:00:00Z,matt lauer,3,NA,
2017-10-01T05:00:00Z,garrison keillor,0,NA,
2017-10-02T05:00:00Z,garrison keillor,0,NA,
2017-10-03T05:00:00Z,garrison keillor,0,NA,
2017-10-04T05:00:00Z,garrison keillor,0,NA,
2017-10-05T05:00:00Z,garrison keillor,0,NA,
2017-10-06T05:00:00Z,garrison keillor,0,NA,
2017-10-07T05:00:00Z,garrison keillor,0,NA,
2017-10-08T05:00:00Z,garrison keillor,0,NA,
2017-10-09T05:00:00Z,garrison keillor,0,NA,
2017-10-10T05:00:00Z,garrison keillor,0,NA,
2017-10-11T05:00:00Z,garrison keillor,0,NA,
2017-10-12T05:00:00Z,garrison keillor,0,NA,
2017-10-13T05:00:00Z,garrison keillor,0,NA,
2017-10-14T05:00:00Z,garrison keillor,0,NA,
2017-10-15T05:00:00Z,garrison keillor,0,NA,
2017-10-16T05:00:00Z,garrison keillor,0,NA,
2017-10-17T05:00:00Z,garrison keillor,0,NA,
2017-10-18T05:00:00Z,garrison keillor,0,NA,
2017-10-19T05:00:00Z,garrison keillor,0,NA,
2017-10-20T05:00:00Z,garrison keillor,0,NA,
2017-10-21T05:00:00Z,garrison keillor,0,NA,
2017-10-22T05:00:00Z,garrison keillor,0,NA,
2017-10-23T05:00:00Z,garrison keillor,0,NA,
2017-10-24T05:00:00Z,garrison keillor,0,NA,
2017-10-25T05:00:00Z,garrison keillor,0,NA,
2017-10-26T05:00:00Z,garrison keillor,0,NA,
2017-10-27T05:00:00Z,garrison keillor,0,NA,
2017-10-28T05:00:00Z,garrison keillor,0,NA,
2017-10-29T05:00:00Z,garrison keillor,0,NA,
2017-10-30T05:00:00Z,garrison keillor,0,NA,
2017-10-31T05:00:00Z,garrison keillor,0,NA,
2017-11-01T05:00:00Z,garrison keillor,0,NA,
2017-11-02T05:00:00Z,garrison keillor,0,NA,
2017-11-03T05:00:00Z,garrison keillor,0,NA,
2017-11-04T05:00:00Z,garrison keillor,0,NA,
2017-11-05T05:00:00Z,garrison keillor,0,NA,
2017-11-06T06:00:00Z,garrison keillor,0,NA,
2017-11-07T06:00:00Z,garrison keillor,0,NA,
2017-11-08T06:00:00Z,garrison keillor,0,NA,
2017-11-09T06:00:00Z,garrison keillor,0,NA,
2017-11-10T06:00:00Z,garrison keillor,0,NA,
2017-11-11T06:00:00Z,garrison keillor,0,NA,
2017-11-12T06:00:00Z,garrison keillor,0,NA,
2017-11-13T06:00:00Z,garrison keillor,0,NA,
2017-11-14T06:00:00Z,garrison keillor,0,NA,
2017-11-15T06:00:00Z,garrison keillor,0,NA,
2017-11-16T06:00:00Z,garrison keillor,0,NA,
2017-11-17T06:00:00Z,garrison keillor,0,NA,
2017-11-18T06:00:00Z,garrison keillor,0,NA,
2017-11-19T06:00:00Z,garrison keillor,0,NA,
2017-11-20T06:00:00Z,garrison keillor,0,NA,
2017-11-21T06:00:00Z,garrison keillor,0,NA,
2017-11-22T06:00:00Z,garrison keillor,0,NA,
2017-11-23T06:00:00Z,garrison keillor,0,NA,
2017-11-24T06:00:00Z,garrison keillor,0,NA,
2017-11-25T06:00:00Z,garrison keillor,0,NA,
2017-11-26T06:00:00Z,garrison keillor,0,NA,
2017-11-27T06:00:00Z,garrison keillor,0,NA,
2017-11-28T06:00:00Z,garrison keillor,0,NA,
2017-11-29T06:00:00Z,garrison keillor,6,6,Garrison Keillor
2017-11-30T06:00:00Z,garrison keillor,3,NA,
2017-12-01T06:00:00Z,garrison keillor,1,NA,
2017-12-02T06:00:00Z,garrison keillor,0,NA,
2017-12-03T06:00:00Z,garrison keillor,0,NA,
2017-12-04T06:00:00Z,garrison keillor,0,NA,
2017-12-05T06:00:00Z,garrison keillor,0,NA,
2017-12-06T06:00:00Z,garrison keillor,0,NA,
2017-12-07T06:00:00Z,garrison keillor,0,NA,
2017-10-01T05:00:00Z,john conyers,0,NA,
2017-10-02T05:00:00Z,john conyers,0,NA,
2017-10-03T05:00:00Z,john conyers,0,NA,
2017-10-04T05:00:00Z,john conyers,0,NA,
2017-10-05T05:00:00Z,john conyers,0,NA,
2017-10-06T05:00:00Z,john conyers,0,NA,
2017-10-07T05:00:00Z,john conyers,0,NA,
2017-10-08T05:00:00Z,john conyers,0,NA,
2017-10-09T05:00:00Z,john conyers,0,NA,
2017-10-10T05:00:00Z,john conyers,0,NA,
2017-10-11T05:00:00Z,john conyers,0,NA,
2017-10-12T05:00:00Z,john conyers,0,NA,
2017-10-13T05:00:00Z,john conyers,0,NA,
2017-10-14T05:00:00Z,john conyers,0,NA,
2017-10-15T05:00:00Z,john conyers,0,NA,
2017-10-16T05:00:00Z,john conyers,0,NA,
2017-10-17T05:00:00Z,john conyers,0,NA,
2017-10-18T05:00:00Z,john conyers,0,NA,
2017-10-19T05:00:00Z,john conyers,0,NA,
2017-10-20T05:00:00Z,john conyers,0,NA,
2017-10-21T05:00:00Z,john conyers,0,NA,
2017-10-22T05:00:00Z,john conyers,0,NA,
2017-10-23T05:00:00Z,john conyers,0,NA,
2017-10-24T05:00:00Z,john conyers,0,NA,
2017-10-25T05:00:00Z,john conyers,0,NA,
2017-10-26T05:00:00Z,john conyers,0,NA,
2017-10-27T05:00:00Z,john conyers,0,NA,
2017-10-28T05:00:00Z,john conyers,0,NA,
2017-10-29T05:00:00Z,john conyers,0,NA,
2017-10-30T05:00:00Z,john conyers,0,NA,
2017-10-31T05:00:00Z,john conyers,0,NA,
2017-11-01T05:00:00Z,john conyers,0,NA,
2017-11-02T05:00:00Z,john conyers,0,NA,
2017-11-03T05:00:00Z,john conyers,0,NA,
2017-11-04T05:00:00Z,john conyers,0,NA,
2017-11-05T05:00:00Z,john conyers,0,NA,
2017-11-06T06:00:00Z,john conyers,0,NA,
2017-11-07T06:00:00Z,john conyers,0,NA,
2017-11-08T06:00:00Z,john conyers,0,NA,
2017-11-09T06:00:00Z,john conyers,0,NA,
2017-11-10T06:00:00Z,john conyers,0,NA,
2017-11-11T06:00:00Z,john conyers,0,NA,
2017-11-12T06:00:00Z,john conyers,0,NA,
2017-11-13T06:00:00Z,john conyers,0,NA,
2017-11-14T06:00:00Z,john conyers,0,NA,
2017-11-15T06:00:00Z,john conyers,0,NA,
2017-11-16T06:00:00Z,john conyers,0,NA,
2017-11-17T06:00:00Z,john conyers,0,NA,
2017-11-18T06:00:00Z,john conyers,0,NA,
2017-11-19T06:00:00Z,john conyers,0,NA,
2017-11-20T06:00:00Z,john conyers,0,NA,
2017-11-21T06:00:00Z,john conyers,2,2,John Conyers
2017-11-22T06:00:00Z,john conyers,1,NA,
2017-11-23T06:00:00Z,john conyers,0,NA,
2017-11-24T06:00:00Z,john conyers,0,NA,
2017-11-25T06:00:00Z,john conyers,0,NA,
2017-11-26T06:00:00Z,john conyers,1,NA,
2017-11-27T06:00:00Z,john conyers,0,NA,
2017-11-28T06:00:00Z,john conyers,0,NA,
2017-11-29T06:00:00Z,john conyers,0,NA,
2017-11-30T06:00:00Z,john conyers,1,NA,
2017-12-01T06:00:00Z,john conyers,0,NA,
2017-12-02T06:00:00Z,john conyers,0,NA,
2017-12-03T06:00:00Z,john conyers,0,NA,
2017-12-04T06:00:00Z,john conyers,0,NA,
2017-12-05T06:00:00Z,john conyers,1,NA,
2017-12-06T06:00:00Z,john conyers,0,NA,
2017-12-07T06:00:00Z,john conyers,0,NA,
2017-10-01T05:00:00Z,russell simmons,0,NA,
2017-10-02T05:00:00Z,russell simmons,0,NA,
2017-10-03T05:00:00Z,russell simmons,0,NA,
2017-10-04T05:00:00Z,russell simmons,0,NA,
2017-10-05T05:00:00Z,russell simmons,0,NA,
2017-10-06T05:00:00Z,russell simmons,0,NA,
2017-10-07T05:00:00Z,russell simmons,0,NA,
2017-10-08T05:00:00Z,russell simmons,0,NA,
2017-10-09T05:00:00Z,russell simmons,0,NA,
2017-10-10T05:00:00Z,russell simmons,0,NA,
2017-10-11T05:00:00Z,russell simmons,0,NA,
2017-10-12T05:00:00Z,russell simmons,0,NA,
2017-10-13T05:00:00Z,russell simmons,0,NA,
2017-10-14T05:00:00Z,russell simmons,0,NA,
2017-10-15T05:00:00Z,russell simmons,0,NA,
2017-10-16T05:00:00Z,russell simmons,0,NA,
2017-10-17T05:00:00Z,russell simmons,0,NA,
2017-10-18T05:00:00Z,russell simmons,0,NA,
2017-10-19T05:00:00Z,russell simmons,0,NA,
2017-10-20T05:00:00Z,russell simmons,0,NA,
2017-10-21T05:00:00Z,russell simmons,0,NA,
2017-10-22T05:00:00Z,russell simmons,0,NA,
2017-10-23T05:00:00Z,russell simmons,0,NA,
2017-10-24T05:00:00Z,russell simmons,0,NA,
2017-10-25T05:00:00Z,russell simmons,0,NA,
2017-10-26T05:00:00Z,russell simmons,0,NA,
2017-10-27T05:00:00Z,russell simmons,0,NA,
2017-10-28T05:00:00Z,russell simmons,0,NA,
2017-10-29T05:00:00Z,russell simmons,0,NA,
2017-10-30T05:00:00Z,russell simmons,0,NA,
2017-10-31T05:00:00Z,russell simmons,0,NA,
2017-11-01T05:00:00Z,russell simmons,0,NA,
2017-11-02T05:00:00Z,russell simmons,0,NA,
2017-11-03T05:00:00Z,russell simmons,0,NA,
2017-11-04T05:00:00Z,russell simmons,0,NA,
2017-11-05T05:00:00Z,russell simmons,0,NA,
2017-11-06T06:00:00Z,russell simmons,0,NA,
2017-11-07T06:00:00Z,russell simmons,0,NA,
2017-11-08T06:00:00Z,russell simmons,0,NA,
2017-11-09T06:00:00Z,russell simmons,0,NA,
2017-11-10T06:00:00Z,russell simmons,0,NA,
2017-11-11T06:00:00Z,russell simmons,0,NA,
2017-11-12T06:00:00Z,russell simmons,0,NA,
2017-11-13T06:00:00Z,russell simmons,0,NA,
2017-11-14T06:00:00Z,russell simmons,0,NA,
2017-11-15T06:00:00Z,russell simmons,0,NA,
2017-11-16T06:00:00Z,russell simmons,0,NA,
2017-11-17T06:00:00Z,russell simmons,0,NA,
2017-11-18T06:00:00Z,russell simmons,0,NA,
2017-11-19T06:00:00Z,russell simmons,1,NA,
2017-11-20T06:00:00Z,russell simmons,1,NA,
2017-11-21T06:00:00Z,russell simmons,0,NA,
2017-11-22T06:00:00Z,russell simmons,1,NA,
2017-11-23T06:00:00Z,russell simmons,0,NA,
2017-11-24T06:00:00Z,russell simmons,0,NA,
2017-11-25T06:00:00Z,russell simmons,0,NA,
2017-11-26T06:00:00Z,russell simmons,0,NA,
2017-11-27T06:00:00Z,russell simmons,0,NA,
2017-11-28T06:00:00Z,russell simmons,0,NA,
2017-11-29T06:00:00Z,russell simmons,0,NA,
2017-11-30T06:00:00Z,russell simmons,4,4,Russell Simmons
2017-12-01T06:00:00Z,russell simmons,2,NA,
2017-12-02T06:00:00Z,russell simmons,1,NA,
2017-12-03T06:00:00Z,russell simmons,0,NA,
2017-12-04T06:00:00Z,russell simmons,0,NA,
2017-12-05T06:00:00Z,russell simmons,0,NA,
2017-12-06T06:00:00Z,russell simmons,0,NA,
2017-12-07T06:00:00Z,russell simmons,0,NA,
2017-10-01T05:00:00Z,nick carter,0,NA,
2017-10-02T05:00:00Z,nick carter,0,NA,
2017-10-03T05:00:00Z,nick carter,0,NA,
2017-10-04T05:00:00Z,nick carter,0,NA,
2017-10-05T05:00:00Z,nick carter,0,NA,
2017-10-06T05:00:00Z,nick carter,0,NA,
2017-10-07T05:00:00Z,nick carter,0,NA,
2017-10-08T05:00:00Z,nick carter,0,NA,
2017-10-09T05:00:00Z,nick carter,0,NA,
2017-10-10T05:00:00Z,nick carter,0,NA,
2017-10-11T05:00:00Z,nick carter,0,NA,
2017-10-12T05:00:00Z,nick carter,0,NA,
2017-10-13T05:00:00Z,nick carter,0,NA,
2017-10-14T05:00:00Z,nick carter,0,NA,
2017-10-15T05:00:00Z,nick carter,0,NA,
2017-10-16T05:00:00Z,nick carter,0,NA,
2017-10-17T05:00:00Z,nick carter,0,NA,
2017-10-18T05:00:00Z,nick carter,0,NA,
2017-10-19T05:00:00Z,nick carter,0,NA,
2017-10-20T05:00:00Z,nick carter,0,NA,
2017-10-21T05:00:00Z,nick carter,0,NA,
2017-10-22T05:00:00Z,nick carter,0,NA,
2017-10-23T05:00:00Z,nick carter,0,NA,
2017-10-24T05:00:00Z,nick carter,0,NA,
2017-10-25T05:00:00Z,nick carter,0,NA,
2017-10-26T05:00:00Z,nick carter,0,NA,
2017-10-27T05:00:00Z,nick carter,0,NA,
2017-10-28T05:00:00Z,nick carter,0,NA,
2017-10-29T05:00:00Z,nick carter,0,NA,
2017-10-30T05:00:00Z,nick carter,0,NA,
2017-10-31T05:00:00Z,nick carter,0,NA,
2017-11-01T05:00:00Z,nick carter,0,NA,
2017-11-02T05:00:00Z,nick carter,0,NA,
2017-11-03T05:00:00Z,nick carter,0,NA,
2017-11-04T05:00:00Z,nick carter,0,NA,
2017-11-05T05:00:00Z,nick carter,0,NA,
2017-11-06T06:00:00Z,nick carter,0,NA,
2017-11-07T06:00:00Z,nick carter,0,NA,
2017-11-08T06:00:00Z,nick carter,0,NA,
2017-11-09T06:00:00Z,nick carter,0,NA,
2017-11-10T06:00:00Z,nick carter,0,NA,
2017-11-11T06:00:00Z,nick carter,0,NA,
2017-11-12T06:00:00Z,nick carter,0,NA,
2017-11-13T06:00:00Z,nick carter,0,NA,
2017-11-14T06:00:00Z,nick carter,0,NA,
2017-11-15T06:00:00Z,nick carter,0,NA,
2017-11-16T06:00:00Z,nick carter,0,NA,
2017-11-17T06:00:00Z,nick carter,0,NA,
2017-11-18T06:00:00Z,nick carter,0,NA,
2017-11-19T06:00:00Z,nick carter,0,NA,
2017-11-20T06:00:00Z,nick carter,0,NA,
2017-11-21T06:00:00Z,nick carter,0,NA,
2017-11-22T06:00:00Z,nick carter,1,1,Nick Carter
2017-11-23T06:00:00Z,nick carter,1,NA,
2017-11-24T06:00:00Z,nick carter,0,NA,
2017-11-25T06:00:00Z,nick carter,0,NA,
2017-11-26T06:00:00Z,nick carter,0,NA,
2017-11-27T06:00:00Z,nick carter,0,NA,
2017-11-28T06:00:00Z,nick carter,0,NA,
2017-11-29T06:00:00Z,nick carter,0,NA,
2017-11-30T06:00:00Z,nick carter,0,NA,
2017-12-01T06:00:00Z,nick carter,0,NA,
2017-12-02T06:00:00Z,nick carter,0,NA,
2017-12-03T06:00:00Z,nick carter,0,NA,
2017-12-04T06:00:00Z,nick carter,0,NA,
2017-12-05T06:00:00Z,nick carter,0,NA,
2017-12-06T06:00:00Z,nick carter,0,NA,
2017-12-07T06:00:00Z,nick carter,0,NA,
2017-10-01T05:00:00Z,james levine,0,NA,
2017-10-02T05:00:00Z,james levine,0,NA,
2017-10-03T05:00:00Z,james levine,0,NA,
2017-10-04T05:00:00Z,james levine,0,NA,
2017-10-05T05:00:00Z,james levine,0,NA,
2017-10-06T05:00:00Z,james levine,0,NA,
2017-10-07T05:00:00Z,james levine,0,NA,
2017-10-08T05:00:00Z,james levine,0,NA,
2017-10-09T05:00:00Z,james levine,0,NA,
2017-10-10T05:00:00Z,james levine,0,NA,
2017-10-11T05:00:00Z,james levine,0,NA,
2017-10-12T05:00:00Z,james levine,0,NA,
2017-10-13T05:00:00Z,james levine,0,NA,
2017-10-14T05:00:00Z,james levine,0,NA,
2017-10-15T05:00:00Z,james levine,0,NA,
2017-10-16T05:00:00Z,james levine,0,NA,
2017-10-17T05:00:00Z,james levine,0,NA,
2017-10-18T05:00:00Z,james levine,0,NA,
2017-10-19T05:00:00Z,james levine,0,NA,
2017-10-20T05:00:00Z,james levine,0,NA,
2017-10-21T05:00:00Z,james levine,0,NA,
2017-10-22T05:00:00Z,james levine,0,NA,
2017-10-23T05:00:00Z,james levine,0,NA,
2017-10-24T05:00:00Z,james levine,0,NA,
2017-10-25T05:00:00Z,james levine,0,NA,
2017-10-26T05:00:00Z,james levine,0,NA,
2017-10-27T05:00:00Z,james levine,0,NA,
2017-10-28T05:00:00Z,james levine,0,NA,
2017-10-29T05:00:00Z,james levine,0,NA,
2017-10-30T05:00:00Z,james levine,0,NA,
2017-10-31T05:00:00Z,james levine,0,NA,
2017-11-01T05:00:00Z,james levine,0,NA,
2017-11-02T05:00:00Z,james levine,0,NA,
2017-11-03T05:00:00Z,james levine,0,NA,
2017-11-04T05:00:00Z,james levine,0,NA,
2017-11-05T05:00:00Z,james levine,0,NA,
2017-11-06T06:00:00Z,james levine,0,NA,
2017-11-07T06:00:00Z,james levine,0,NA,
2017-11-08T06:00:00Z,james levine,0,NA,
2017-11-09T06:00:00Z,james levine,0,NA,
2017-11-10T06:00:00Z,james levine,0,NA,
2017-11-11T06:00:00Z,james levine,0,NA,
2017-11-12T06:00:00Z,james levine,0,NA,
2017-11-13T06:00:00Z,james levine,0,NA,
2017-11-14T06:00:00Z,james levine,0,NA,
2017-11-15T06:00:00Z,james levine,0,NA,
2017-11-16T06:00:00Z,james levine,0,NA,
2017-11-17T06:00:00Z,james levine,0,NA,
2017-11-18T06:00:00Z,james levine,0,NA,
2017-11-19T06:00:00Z,james levine,0,NA,
2017-11-20T06:00:00Z,james levine,0,NA,
2017-11-21T06:00:00Z,james levine,0,NA,
2017-11-22T06:00:00Z,james levine,0,NA,
2017-11-23T06:00:00Z,james levine,0,NA,
2017-11-24T06:00:00Z,james levine,0,NA,
2017-11-25T06:00:00Z,james levine,0,NA,
2017-11-26T06:00:00Z,james levine,0,NA,
2017-11-27T06:00:00Z,james levine,0,NA,
2017-11-28T06:00:00Z,james levine,0,NA,
2017-11-29T06:00:00Z,james levine,0,NA,
2017-11-30T06:00:00Z,james levine,0,NA,
2017-12-01T06:00:00Z,james levine,0,NA,
2017-12-02T06:00:00Z,james levine,0,NA,
2017-12-03T06:00:00Z,james levine,0,NA,
2017-12-04T06:00:00Z,james levine,1,1,James Levine
2017-12-05T06:00:00Z,james levine,0,NA,
2017-12-06T06:00:00Z,james levine,0,NA,
2017-12-07T06:00:00Z,james levine,0,NA,
2017-10-01T05:00:00Z,danny masterson,0,NA,
2017-10-02T05:00:00Z,danny masterson,0,NA,
2017-10-03T05:00:00Z,danny masterson,0,NA,
2017-10-04T05:00:00Z,danny masterson,0,NA,
2017-10-05T05:00:00Z,danny masterson,0,NA,
2017-10-06T05:00:00Z,danny masterson,0,NA,
2017-10-07T05:00:00Z,danny masterson,0,NA,
2017-10-08T05:00:00Z,danny masterson,0,NA,
2017-10-09T05:00:00Z,danny masterson,0,NA,
2017-10-10T05:00:00Z,danny masterson,0,NA,
2017-10-11T05:00:00Z,danny masterson,0,NA,
2017-10-12T05:00:00Z,danny masterson,0,NA,
2017-10-13T05:00:00Z,danny masterson,0,NA,
2017-10-14T05:00:00Z,danny masterson,0,NA,
2017-10-15T05:00:00Z,danny masterson,0,NA,
2017-10-16T05:00:00Z,danny masterson,0,NA,
2017-10-17T05:00:00Z,danny masterson,0,NA,
2017-10-18T05:00:00Z,danny masterson,0,NA,
2017-10-19T05:00:00Z,danny masterson,0,NA,
2017-10-20T05:00:00Z,danny masterson,0,NA,
2017-10-21T05:00:00Z,danny masterson,0,NA,
2017-10-22T05:00:00Z,danny masterson,0,NA,
2017-10-23T05:00:00Z,danny masterson,0,NA,
2017-10-24T05:00:00Z,danny masterson,0,NA,
2017-10-25T05:00:00Z,danny masterson,0,NA,
2017-10-26T05:00:00Z,danny masterson,0,NA,
2017-10-27T05:00:00Z,danny masterson,0,NA,
2017-10-28T05:00:00Z,danny masterson,0,NA,
2017-10-29T05:00:00Z,danny masterson,0,NA,
2017-10-30T05:00:00Z,danny masterson,0,NA,
2017-10-31T05:00:00Z,danny masterson,0,NA,
2017-11-01T05:00:00Z,danny masterson,0,NA,
2017-11-02T05:00:00Z,danny masterson,0,NA,
2017-11-03T05:00:00Z,danny masterson,1,NA,
2017-11-04T05:00:00Z,danny masterson,1,NA,
2017-11-05T05:00:00Z,danny masterson,0,NA,
2017-11-06T06:00:00Z,danny masterson,0,NA,
2017-11-07T06:00:00Z,danny masterson,0,NA,
2017-11-08T06:00:00Z,danny masterson,0,NA,
2017-11-09T06:00:00Z,danny masterson,0,NA,
2017-11-10T06:00:00Z,danny masterson,0,NA,
2017-11-11T06:00:00Z,danny masterson,0,NA,
2017-11-12T06:00:00Z,danny masterson,0,NA,
2017-11-13T06:00:00Z,danny masterson,0,NA,
2017-11-14T06:00:00Z,danny masterson,0,NA,
2017-11-15T06:00:00Z,danny masterson,0,NA,
2017-11-16T06:00:00Z,danny masterson,0,NA,
2017-11-17T06:00:00Z,danny masterson,0,NA,
2017-11-18T06:00:00Z,danny masterson,0,NA,
2017-11-19T06:00:00Z,danny masterson,0,NA,
2017-11-20T06:00:00Z,danny masterson,0,NA,
2017-11-21T06:00:00Z,danny masterson,0,NA,
2017-11-22T06:00:00Z,danny masterson,0,NA,
2017-11-23T06:00:00Z,danny masterson,0,NA,
2017-11-24T06:00:00Z,danny masterson,0,NA,
2017-11-25T06:00:00Z,danny masterson,0,NA,
2017-11-26T06:00:00Z,danny masterson,0,NA,
2017-11-27T06:00:00Z,danny masterson,0,NA,
2017-11-28T06:00:00Z,danny masterson,0,NA,
2017-11-29T06:00:00Z,danny masterson,0,NA,
2017-11-30T06:00:00Z,danny masterson,0,NA,
2017-12-01T06:00:00Z,danny masterson,0,NA,
2017-12-02T06:00:00Z,danny masterson,0,NA,
2017-12-03T06:00:00Z,danny masterson,0,NA,
2017-12-04T06:00:00Z,danny masterson,0,NA,
2017-12-05T06:00:00Z,danny masterson,3,3,Danny Masterson
2017-12-06T06:00:00Z,danny masterson,2,NA,
2017-12-07T06:00:00Z,danny masterson,1,NA,
2017-10-01T05:00:00Z,trent franks,0,NA,
2017-10-02T05:00:00Z,trent franks,0,NA,
2017-10-03T05:00:00Z,trent franks,0,NA,
2017-10-04T05:00:00Z,trent franks,0,NA,
2017-10-05T05:00:00Z,trent franks,0,NA,
2017-10-06T05:00:00Z,trent franks,0,NA,
2017-10-07T05:00:00Z,trent franks,0,NA,
2017-10-08T05:00:00Z,trent franks,0,NA,
2017-10-09T05:00:00Z,trent franks,0,NA,
2017-10-10T05:00:00Z,trent franks,0,NA,
2017-10-11T05:00:00Z,trent franks,0,NA,
2017-10-12T05:00:00Z,trent franks,0,NA,
2017-10-13T05:00:00Z,trent franks,0,NA,
2017-10-14T05:00:00Z,trent franks,0,NA,
2017-10-15T05:00:00Z,trent franks,0,NA,
2017-10-16T05:00:00Z,trent franks,0,NA,
2017-10-17T05:00:00Z,trent franks,0,NA,
2017-10-18T05:00:00Z,trent franks,0,NA,
2017-10-19T05:00:00Z,trent franks,0,NA,
2017-10-20T05:00:00Z,trent franks,0,NA,
2017-10-21T05:00:00Z,trent franks,0,NA,
2017-10-22T05:00:00Z,trent franks,0,NA,
2017-10-23T05:00:00Z,trent franks,0,NA,
2017-10-24T05:00:00Z,trent franks,0,NA,
2017-10-25T05:00:00Z,trent franks,0,NA,
2017-10-26T05:00:00Z,trent franks,0,NA,
2017-10-27T05:00:00Z,trent franks,0,NA,
2017-10-28T05:00:00Z,trent franks,0,NA,
2017-10-29T05:00:00Z,trent franks,0,NA,
2017-10-30T05:00:00Z,trent franks,0,NA,
2017-10-31T05:00:00Z,trent franks,0,NA,
2017-11-01T05:00:00Z,trent franks,0,NA,
2017-11-02T05:00:00Z,trent franks,0,NA,
2017-11-03T05:00:00Z,trent franks,0,NA,
2017-11-04T05:00:00Z,trent franks,0,NA,
2017-11-05T05:00:00Z,trent franks,0,NA,
2017-11-06T06:00:00Z,trent franks,0,NA,
2017-11-07T06:00:00Z,trent franks,0,NA,
2017-11-08T06:00:00Z,trent franks,0,NA,
2017-11-09T06:00:00Z,trent franks,0,NA,
2017-11-10T06:00:00Z,trent franks,0,NA,
2017-11-11T06:00:00Z,trent franks,0,NA,
2017-11-12T06:00:00Z,trent franks,0,NA,
2017-11-13T06:00:00Z,trent franks,0,NA,
2017-11-14T06:00:00Z,trent franks,0,NA,
2017-11-15T06:00:00Z,trent franks,0,NA,
2017-11-16T06:00:00Z,trent franks,0,NA,
2017-11-17T06:00:00Z,trent franks,0,NA,
2017-11-18T06:00:00Z,trent franks,0,NA,
2017-11-19T06:00:00Z,trent franks,0,NA,
2017-11-20T06:00:00Z,trent franks,0,NA,
2017-11-21T06:00:00Z,trent franks,0,NA,
2017-11-22T06:00:00Z,trent franks,0,NA,
2017-11-23T06:00:00Z,trent franks,0,NA,
2017-11-24T06:00:00Z,trent franks,0,NA,
2017-11-25T06:00:00Z,trent franks,0,NA,
2017-11-26T06:00:00Z,trent franks,0,NA,
2017-11-27T06:00:00Z,trent franks,0,NA,
2017-11-28T06:00:00Z,trent franks,0,NA,
2017-11-29T06:00:00Z,trent franks,0,NA,
2017-11-30T06:00:00Z,trent franks,0,NA,
2017-12-01T06:00:00Z,trent franks,0,NA,
2017-12-02T06:00:00Z,trent franks,0,NA,
2017-12-03T06:00:00Z,trent franks,0,NA,
2017-12-04T06:00:00Z,trent franks,0,NA,
2017-12-05T06:00:00Z,trent franks,0,NA,
2017-12-06T06:00:00Z,trent franks,0,NA,
2017-12-07T06:00:00Z,trent franks,1,1,Trent Franks
2017-10-01T05:00:00Z,wes goodman,0,NA,
2017-10-02T05:00:00Z,wes goodman,0,NA,
2017-10-03T05:00:00Z,wes goodman,0,NA,
2017-10-04T05:00:00Z,wes goodman,0,NA,
2017-10-05T05:00:00Z,wes goodman,0,NA,
2017-10-06T05:00:00Z,wes goodman,0,NA,
2017-10-07T05:00:00Z,wes goodman,0,NA,
2017-10-08T05:00:00Z,wes goodman,0,NA,
2017-10-09T05:00:00Z,wes goodman,0,NA,
2017-10-10T05:00:00Z,wes goodman,0,NA,
2017-10-11T05:00:00Z,wes goodman,0,NA,
2017-10-12T05:00:00Z,wes goodman,0,NA,
2017-10-13T05:00:00Z,wes goodman,0,NA,
2017-10-14T05:00:00Z,wes goodman,0,NA,
2017-10-15T05:00:00Z,wes goodman,0,NA,
2017-10-16T05:00:00Z,wes goodman,0,NA,
2017-10-17T05:00:00Z,wes goodman,0,NA,
2017-10-18T05:00:00Z,wes goodman,0,NA,
2017-10-19T05:00:00Z,wes goodman,0,NA,
2017-10-20T05:00:00Z,wes goodman,0,NA,
2017-10-21T05:00:00Z,wes goodman,0,NA,
2017-10-22T05:00:00Z,wes goodman,0,NA,
2017-10-23T05:00:00Z,wes goodman,0,NA,
2017-10-24T05:00:00Z,wes goodman,0,NA,
2017-10-25T05:00:00Z,wes goodman,0,NA,
2017-10-26T05:00:00Z,wes goodman,0,NA,
2017-10-27T05:00:00Z,wes goodman,0,NA,
2017-10-28T05:00:00Z,wes goodman,0,NA,
2017-10-29T05:00:00Z,wes goodman,0,NA,
2017-10-30T05:00:00Z,wes goodman,0,NA,
2017-10-31T05:00:00Z,wes goodman,0,NA,
2017-11-01T05:00:00Z,wes goodman,0,NA,
2017-11-02T05:00:00Z,wes goodman,0,NA,
2017-11-03T05:00:00Z,wes goodman,0,NA,
2017-11-04T05:00:00Z,wes goodman,0,NA,
2017-11-05T05:00:00Z,wes goodman,0,NA,
2017-11-06T06:00:00Z,wes goodman,0,NA,
2017-11-07T06:00:00Z,wes goodman,0,NA,
2017-11-08T06:00:00Z,wes goodman,0,NA,
2017-11-09T06:00:00Z,wes goodman,0,NA,
2017-11-10T06:00:00Z,wes goodman,0,NA,
2017-11-11T06:00:00Z,wes goodman,0,NA,
2017-11-12T06:00:00Z,wes goodman,0,NA,
2017-11-13T06:00:00Z,wes goodman,0,NA,
2017-11-14T06:00:00Z,wes goodman,0,NA,
2017-11-15T06:00:00Z,wes goodman,0,NA,
2017-11-16T06:00:00Z,wes goodman,0,NA,
2017-11-17T06:00:00Z,wes goodman,1,1,Wes Goodman
2017-11-18T06:00:00Z,wes goodman,1,NA,
2017-11-19T06:00:00Z,wes goodman,1,NA,
2017-11-20T06:00:00Z,wes goodman,0,NA,
2017-11-21T06:00:00Z,wes goodman,0,NA,
2017-11-22T06:00:00Z,wes goodman,0,NA,
2017-11-23T06:00:00Z,wes goodman,0,NA,
2017-11-24T06:00:00Z,wes goodman,0,NA,
2017-11-25T06:00:00Z,wes goodman,0,NA,
2017-11-26T06:00:00Z,wes goodman,0,NA,
2017-11-27T06:00:00Z,wes goodman,0,NA,
2017-11-28T06:00:00Z,wes goodman,0,NA,
2017-11-29T06:00:00Z,wes goodman,0,NA,
2017-11-30T06:00:00Z,wes goodman,0,NA,
2017-12-01T06:00:00Z,wes goodman,0,NA,
2017-12-02T06:00:00Z,wes goodman,0,NA,
2017-12-03T06:00:00Z,wes goodman,0,NA,
2017-12-04T06:00:00Z,wes goodman,0,NA,
2017-12-05T06:00:00Z,wes goodman,0,NA,
2017-12-06T06:00:00Z,wes goodman,0,NA,
2017-12-07T06:00:00Z,wes goodman,0,NA,
2017-10-01T05:00:00Z,warren moon,0,NA,
2017-10-02T05:00:00Z,warren moon,0,NA,
2017-10-03T05:00:00Z,warren moon,0,NA,
2017-10-04T05:00:00Z,warren moon,0,NA,
2017-10-05T05:00:00Z,warren moon,0,NA,
2017-10-06T05:00:00Z,warren moon,0,NA,
2017-10-07T05:00:00Z,warren moon,0,NA,
2017-10-08T05:00:00Z,warren moon,0,NA,
2017-10-09T05:00:00Z,warren moon,0,NA,
2017-10-10T05:00:00Z,warren moon,0,NA,
2017-10-11T05:00:00Z,warren moon,0,NA,
2017-10-12T05:00:00Z,warren moon,0,NA,
2017-10-13T05:00:00Z,warren moon,0,NA,
2017-10-14T05:00:00Z,warren moon,0,NA,
2017-10-15T05:00:00Z,warren moon,0,NA,
2017-10-16T05:00:00Z,warren moon,0,NA,
2017-10-17T05:00:00Z,warren moon,0,NA,
2017-10-18T05:00:00Z,warren moon,0,NA,
2017-10-19T05:00:00Z,warren moon,0,NA,
2017-10-20T05:00:00Z,warren moon,0,NA,
2017-10-21T05:00:00Z,warren moon,0,NA,
2017-10-22T05:00:00Z,warren moon,0,NA,
2017-10-23T05:00:00Z,warren moon,0,NA,
2017-10-24T05:00:00Z,warren moon,0,NA,
2017-10-25T05:00:00Z,warren moon,0,NA,
2017-10-26T05:00:00Z,warren moon,0,NA,
2017-10-27T05:00:00Z,warren moon,0,NA,
2017-10-28T05:00:00Z,warren moon,0,NA,
2017-10-29T05:00:00Z,warren moon,0,NA,
2017-10-30T05:00:00Z,warren moon,0,NA,
2017-10-31T05:00:00Z,warren moon,0,NA,
2017-11-01T05:00:00Z,warren moon,0,NA,
2017-11-02T05:00:00Z,warren moon,0,NA,
2017-11-03T05:00:00Z,warren moon,0,NA,
2017-11-04T05:00:00Z,warren moon,0,NA,
2017-11-05T05:00:00Z,warren moon,0,NA,
2017-11-06T06:00:00Z,warren moon,0,NA,
2017-11-07T06:00:00Z,warren moon,0,NA,
2017-11-08T06:00:00Z,warren moon,0,NA,
2017-11-09T06:00:00Z,warren moon,0,NA,
2017-11-10T06:00:00Z,warren moon,0,NA,
2017-11-11T06:00:00Z,warren moon,0,NA,
2017-11-12T06:00:00Z,warren moon,0,NA,
2017-11-13T06:00:00Z,warren moon,0,NA,
2017-11-14T06:00:00Z,warren moon,0,NA,
2017-11-15T06:00:00Z,warren moon,0,NA,
2017-11-16T06:00:00Z,warren moon,0,NA,
2017-11-17T06:00:00Z,warren moon,0,NA,
2017-11-18T06:00:00Z,warren moon,0,NA,
2017-11-19T06:00:00Z,warren moon,0,NA,
2017-11-20T06:00:00Z,warren moon,0,NA,
2017-11-21T06:00:00Z,warren moon,0,NA,
2017-11-22T06:00:00Z,warren moon,0,NA,
2017-11-23T06:00:00Z,warren moon,0,NA,
2017-11-24T06:00:00Z,warren moon,0,NA,
2017-11-25T06:00:00Z,warren moon,0,NA,
2017-11-26T06:00:00Z,warren moon,0,NA,
2017-11-27T06:00:00Z,warren moon,0,NA,
2017-11-28T06:00:00Z,warren moon,0,NA,
2017-11-29T06:00:00Z,warren moon,0,NA,
2017-11-30T06:00:00Z,warren moon,0,NA,
2017-12-01T06:00:00Z,warren moon,0,NA,
2017-12-02T06:00:00Z,warren moon,0,NA,
2017-12-03T06:00:00Z,warren moon,0,NA,
2017-12-04T06:00:00Z,warren moon,0,NA,
2017-12-05T06:00:00Z,warren moon,0,NA,
2017-12-06T06:00:00Z,warren moon,0,NA,
2017-12-07T06:00:00Z,warren moon,1,1,Warren Moon
